id_produit,date,prix
3,2020-4-16,146
3,2021-11-5,166
4,2021-7-19,227
4,2021-7-5,65
5,2020-12-15,17
5,2021-1-23,82
5,2021-8-12,42
6,2021-12-26,127
6,2020-6-22,167
7,2021-7-6,121
7,2020-5-27,237
7,2021-1-16,57
8,2021-12-10,162
8,2021-6-27,7
9,2020-8-26,234
10,2021-3-17,71
11,2020-7-19,119
11,2020-1-12,65
12,2020-2-27,7
12,2020-11-22,112
12,2020-2-11,16
13,2020-11-27,214
13,2020-2-25,41
14,2020-4-23,86
14,2020-8-18,237
15,2020-1-25,135
15,2021-6-4,105
16,2020-3-12,75
16,2021-8-8,29
16,2020-8-17,200
18,2021-9-24,177
19,2020-4-24,15
19,2020-11-3,186
19,2020-6-15,107
21,2020-4-12,231
21,2020-12-18,10
22,2020-5-21,190
22,2020-5-15,25
22,2020-10-2,64
23,2021-5-20,12
23,2020-12-2,209
23,2020-6-18,220
24,2020-3-9,133
24,2020-4-10,34
25,2020-6-10,152
25,2020-3-3,245
25,2020-8-8,245
26,2020-3-19,234
27,2021-8-28,178
28,2020-4-26,108
28,2020-10-20,173
29,2020-9-15,64
30,2020-4-13,109
30,2020-6-8,154
30,2020-2-7,141
32,2020-1-12,138
32,2021-8-1,155
33,2021-10-6,129
33,2021-10-12,6
34,2020-9-1,144
34,2020-3-18,190
34,2021-11-21,89
35,2021-12-5,168
36,2021-10-4,27
37,2021-2-3,103
37,2021-9-21,86
38,2021-10-7,160
39,2020-2-8,225
39,2021-5-22,148
41,2020-12-2,168
41,2021-5-19,35
42,2020-10-14,46
42,2020-10-8,74
42,2020-1-19,222
43,2021-5-8,243
43,2021-11-28,69
43,2021-10-17,112
45,2021-7-25,60
45,2020-7-23,12
45,2020-4-4,132
46,2021-1-22,169
47,2020-7-11,70
48,2021-8-20,247
49,2020-10-14,124
50,2020-7-3,213
51,2020-9-22,170
51,2021-6-1,46
51,2020-11-14,147
57,2021-7-12,84
60,2020-1-21,107
60,2020-12-1,46
61,2020-6-8,184
61,2020-10-15,126
62,2020-7-10,181
62,2020-7-13,73
62,2021-10-8,177
63,2020-1-21,154
63,2021-2-8,118
63,2021-2-13,99
64,2020-3-5,147
64,2020-6-9,240
66,2020-3-10,66
66,2020-12-9,22
66,2021-9-22,43
68,2020-10-22,76
68,2021-12-11,70
68,2020-8-23,181
69,2021-8-13,173
69,2020-10-21,35
69,2020-10-20,91
70,2021-4-20,83
70,2020-8-20,160
72,2020-11-21,67
73,2021-11-24,229
73,2021-8-5,162
74,2021-10-11,233
75,2021-7-16,43
75,2021-10-28,57
76,2021-9-22,182
76,2020-7-14,45
77,2020-1-19,173
77,2020-6-14,116
77,2020-3-5,204
78,2021-8-21,195
79,2020-6-2,190
79,2021-6-4,228
79,2020-1-24,217
80,2021-3-28,80
80,2020-7-28,5
80,2021-12-1,35
81,2021-10-7,116
83,2020-11-28,34
83,2020-6-28,145
84,2020-8-22,192
86,2020-10-2,58
88,2020-3-24,201
88,2021-5-17,21
88,2020-3-7,250
89,2020-5-24,40
89,2020-9-11,235
89,2020-8-24,103
90,2021-9-18,193
91,2021-8-8,60
92,2020-5-4,173
93,2021-10-2,104
94,2020-3-6,199
94,2020-6-20,174
95,2020-9-24,86
96,2021-1-9,160
96,2021-2-9,153
96,2021-9-18,144
97,2020-5-17,235
97,2021-7-8,206
98,2021-9-20,24
98,2021-10-10,26
100,2021-11-16,197
101,2020-6-28,227
102,2021-3-8,86
102,2020-9-2,184
102,2020-5-3,108
104,2021-11-16,230
104,2020-9-18,229
104,2021-9-21,191
105,2021-9-16,106
105,2021-7-20,152
107,2020-4-13,42
107,2020-5-28,121
107,2020-9-19,181
108,2021-9-8,240
108,2020-1-17,116
109,2020-3-26,173
109,2021-2-22,109
109,2021-7-8,38
110,2021-12-11,163
110,2020-4-20,11
111,2021-7-14,66
111,2020-1-16,158
111,2021-12-20,138
112,2020-3-4,130
113,2020-12-5,151
113,2020-11-9,55
113,2020-10-22,20
114,2020-12-1,122
114,2021-2-2,23
115,2020-4-8,249
116,2021-11-24,107
116,2021-9-22,192
116,2020-6-15,52
118,2021-10-13,65
118,2020-6-12,112
119,2020-3-11,156
121,2021-8-8,237
121,2021-7-14,206
123,2020-12-5,204
125,2020-6-23,101
127,2020-10-19,131
127,2021-5-23,63
128,2020-4-2,64
129,2020-2-22,18
129,2020-12-14,8
130,2020-3-6,167
130,2020-10-23,107
131,2020-8-28,181
132,2021-9-6,81
132,2021-3-14,137
132,2021-9-23,59
133,2021-9-13,214
136,2021-9-26,61
136,2020-11-7,234
139,2021-8-17,11
139,2021-4-21,207
140,2021-2-26,35
140,2020-4-26,128
141,2020-7-14,86
142,2020-6-1,77
144,2020-11-18,185
144,2020-6-23,242
144,2020-3-24,44
146,2021-3-3,109
146,2020-7-27,130
147,2020-5-16,206
147,2021-12-15,8
148,2021-11-9,180
148,2021-6-14,126
150,2020-3-26,143
150,2020-11-26,187
150,2020-10-23,188
151,2020-5-23,183
151,2020-6-11,111
151,2020-9-26,91
153,2020-4-22,58
154,2021-7-21,214
154,2021-1-17,138
155,2020-12-8,225
155,2021-1-11,119
157,2020-11-28,98
158,2021-2-7,21
159,2021-3-13,213
159,2021-9-28,11
160,2020-4-19,86
160,2020-1-24,37
160,2021-5-4,145
161,2020-3-23,223
161,2021-2-9,142
162,2021-7-28,137
162,2021-3-21,242
164,2021-5-15,43
164,2020-10-28,135
164,2021-5-16,76
166,2020-3-4,137
166,2021-9-6,204
167,2020-3-5,156
167,2020-4-13,93
168,2020-10-21,207
170,2020-5-28,192
172,2021-4-26,73
173,2020-5-9,136
175,2020-5-20,14
175,2020-8-13,175
176,2020-10-8,79
177,2020-2-15,30
177,2021-1-11,153
178,2020-6-9,146
179,2021-9-5,232
179,2021-10-4,195
180,2021-8-5,161
180,2020-4-19,90
180,2020-10-18,114
181,2021-5-14,48
182,2021-2-20,6
182,2020-9-20,242
183,2021-12-21,250
183,2021-4-4,199
184,2020-11-11,79
186,2021-2-3,128
186,2021-7-28,24
187,2020-1-18,232
188,2021-9-19,182
189,2021-9-1,63
189,2020-10-4,63
189,2020-2-25,68
192,2021-4-18,161
192,2021-12-7,74
193,2020-8-27,36
193,2020-4-27,137
193,2020-8-13,164
194,2020-9-9,196
199,2021-4-12,87
199,2020-8-19,178
199,2021-12-27,203
200,2021-7-20,72
200,2021-9-3,76
200,2020-6-16,144
201,2021-9-22,37
201,2021-7-7,33
202,2020-11-18,208
203,2020-12-17,145
204,2021-10-13,117
204,2021-2-3,182
205,2021-8-25,174
206,2020-4-11,131
206,2021-5-16,96
206,2021-1-14,173
208,2021-12-6,100
208,2020-2-15,40
209,2021-12-20,193
210,2020-5-23,83
210,2020-12-13,45
210,2020-3-23,18
211,2021-4-9,207
211,2021-2-23,107
211,2021-2-26,235
212,2020-6-13,164
212,2021-6-23,208
215,2021-10-27,61
215,2020-7-14,118
215,2020-11-15,122
216,2021-7-22,13
216,2021-7-25,30
217,2021-8-20,84
217,2020-7-19,154
217,2021-1-8,8
219,2020-9-26,244
219,2020-6-12,157
220,2020-2-6,109
222,2020-6-20,29
222,2021-8-25,232
222,2021-11-22,96
223,2021-12-4,104
223,2020-9-27,67
223,2020-8-22,40
224,2021-6-2,228
226,2021-11-24,115
226,2020-8-22,6
227,2020-12-13,81
227,2021-12-8,146
227,2021-1-19,98
228,2020-3-11,181
228,2021-7-4,98
229,2021-3-8,116
230,2020-1-6,98
231,2021-6-8,158
232,2021-2-18,63
232,2021-7-16,62
233,2020-1-10,93
233,2020-3-1,5
234,2020-11-16,134
234,2020-10-7,139
234,2021-11-23,91
235,2020-7-28,105
237,2021-1-14,126
237,2020-12-9,182
237,2020-11-15,45
238,2021-12-17,228
238,2021-12-3,190
239,2021-7-2,121
239,2020-8-13,67
239,2021-2-4,16
241,2020-10-17,162
241,2021-7-9,239
242,2020-6-13,197
242,2021-8-16,24
243,2020-5-25,159
243,2020-6-4,106
243,2021-4-22,84
244,2020-6-25,122
244,2020-8-28,247
245,2021-12-4,18
246,2021-11-7,225
248,2021-8-18,6
248,2020-4-28,101
249,2021-2-25,151
249,2020-7-23,147
250,2020-11-27,228
250,2021-12-19,96
251,2020-3-3,153
251,2021-10-2,20
251,2020-1-17,191
252,2021-8-7,208
252,2021-4-17,59
252,2020-6-13,61
253,2021-6-15,145
253,2021-10-6,173
253,2020-3-12,193
254,2021-8-6,221
255,2020-11-20,219
258,2020-8-10,248
259,2021-3-24,131
259,2020-12-5,242
259,2021-10-16,221
260,2021-2-22,158
260,2020-10-28,157
260,2020-6-13,74
261,2021-9-6,77
261,2021-9-12,66
261,2021-7-3,44
262,2020-7-9,98
262,2021-10-20,209
263,2021-6-24,100
263,2021-5-13,218
263,2020-1-8,172
265,2021-5-4,33
265,2021-9-6,42
265,2021-11-18,28
266,2021-12-16,67
267,2021-4-23,245
268,2021-2-15,56
268,2020-11-28,157
269,2020-11-4,33
270,2021-7-7,210
271,2021-9-7,72
271,2020-4-3,115
271,2020-9-6,116
272,2021-7-13,104
273,2021-3-16,106
274,2021-3-11,197
274,2020-9-21,249
278,2020-4-17,220
278,2021-10-3,24
279,2020-1-14,42
281,2021-5-16,222
282,2020-8-27,102
282,2020-7-18,64
282,2021-2-24,213
283,2021-8-1,232
283,2021-12-4,54
283,2021-2-18,129
284,2021-4-19,100
284,2020-12-27,198
284,2021-11-6,140
286,2021-3-8,223
286,2020-2-1,29
287,2020-10-27,70
287,2021-1-3,191
288,2021-1-27,224
288,2020-9-17,68
288,2021-11-21,179
289,2020-5-14,17
289,2020-1-22,137
289,2021-5-11,177
290,2020-9-21,14
290,2021-6-18,97
290,2020-12-10,145
291,2020-12-18,95
292,2020-2-22,166
292,2021-12-13,243
292,2020-3-11,138
293,2020-3-15,176
293,2020-2-20,126
295,2021-3-15,15
296,2021-5-9,112
296,2020-7-2,103
296,2020-10-15,207
300,2021-8-17,152
300,2020-5-20,63
302,2021-10-26,5
303,2021-9-13,165
303,2021-1-15,96
303,2021-4-24,52
304,2021-11-26,76
304,2021-9-1,178
305,2020-11-11,227
306,2020-10-16,220
306,2021-6-15,85
307,2021-9-4,59
307,2020-9-25,245
308,2021-10-28,10
308,2020-5-24,36
308,2021-4-1,52
311,2021-1-23,235
312,2020-10-11,93
312,2020-7-11,126
313,2020-2-23,229
313,2021-11-23,18
313,2020-4-27,218
315,2020-8-4,245
315,2020-10-10,248
317,2020-12-13,182
317,2020-10-25,29
317,2021-12-13,178
318,2020-4-25,242
319,2021-3-28,208
320,2020-2-2,146
320,2021-12-19,69
320,2021-2-6,170
321,2021-9-24,202
321,2021-2-17,77
321,2020-9-16,46
322,2020-9-8,85
322,2021-5-28,70
322,2020-12-12,250
324,2020-10-19,175
324,2021-6-3,184
325,2021-10-2,36
325,2021-10-22,204
326,2021-4-10,218
326,2020-6-23,163
327,2021-4-7,151
327,2021-2-10,128
327,2020-10-23,115
329,2020-6-9,124
329,2021-7-9,201
329,2021-10-2,209
330,2021-2-22,17
330,2021-6-22,228
330,2021-2-20,103
331,2020-5-2,233
331,2021-10-16,103
332,2020-2-18,54
333,2020-8-9,131
334,2020-1-8,11
335,2021-12-14,218
335,2020-7-8,11
335,2021-7-13,66
337,2021-5-5,210
337,2020-2-20,132
337,2020-3-13,110
338,2020-7-14,197
338,2021-7-13,221
339,2021-1-8,235
339,2021-12-7,63
342,2021-2-28,179
342,2021-3-19,11
342,2021-10-6,234
344,2021-11-19,214
344,2020-2-11,42
344,2020-5-26,158
345,2021-1-1,143
345,2020-1-8,182
346,2021-1-2,80
347,2020-11-14,56
347,2020-3-11,110
348,2020-5-25,42
348,2021-2-6,57
350,2020-4-25,103
350,2020-9-25,139
350,2021-5-3,194
351,2020-11-2,85
352,2021-9-4,204
352,2020-7-21,60
353,2020-8-10,76
353,2020-4-2,187
353,2020-3-26,8
354,2020-11-2,244
355,2020-9-9,12
355,2020-7-17,103
357,2021-3-21,162
357,2020-10-2,87
357,2021-2-11,53
359,2021-5-20,95
359,2020-9-24,133
360,2021-9-2,91
360,2021-8-12,24
360,2021-5-28,19
361,2020-12-11,39
361,2021-5-14,116
361,2021-4-18,124
362,2021-7-25,151
362,2021-5-28,158
362,2020-7-27,203
363,2020-2-1,59
363,2021-5-22,157
364,2020-1-7,193
365,2020-10-10,40
365,2020-10-23,214
366,2020-6-6,125
366,2020-4-16,54
367,2021-7-18,109
367,2020-8-3,198
369,2021-12-24,176
369,2020-2-25,103
369,2021-10-15,154
370,2020-6-14,65
372,2020-9-6,59
372,2020-3-27,82
373,2021-8-24,86
373,2021-7-3,242
373,2021-5-14,212
374,2020-9-5,83
374,2021-7-5,165
374,2020-5-14,220
375,2020-10-24,131
375,2021-8-8,140
375,2020-3-1,76
376,2021-10-17,141
376,2020-12-16,236
376,2021-3-6,219
379,2020-4-13,114
379,2020-7-4,216
379,2021-1-9,77
380,2020-8-4,210
381,2021-5-18,60
382,2021-2-18,197
382,2020-4-10,219
382,2020-2-12,97
383,2021-10-24,44
383,2020-5-16,61
385,2021-3-12,85
386,2020-2-28,173
386,2021-6-1,64
386,2020-7-7,48
387,2021-1-18,27
388,2020-12-27,203
388,2021-6-18,125
391,2021-3-22,56
391,2020-11-9,136
393,2020-7-21,132
393,2021-5-6,166
393,2020-9-28,115
394,2021-5-8,77
394,2020-12-27,14
394,2021-1-26,219
396,2020-11-13,140
397,2021-10-18,62
397,2020-12-13,246
398,2020-10-26,82
398,2021-8-18,120
398,2020-12-6,48
399,2020-3-19,197
400,2021-11-10,246
402,2021-10-16,102
402,2021-1-11,135
402,2020-7-15,74
403,2021-10-1,228
403,2021-11-21,228
404,2020-8-8,141
405,2021-6-6,12
406,2021-9-8,225
406,2021-1-14,83
407,2021-8-25,34
407,2020-12-15,153
407,2021-1-8,190
409,2020-7-2,25
409,2020-8-19,129
409,2020-12-17,135
411,2021-11-25,113
413,2021-3-23,129
414,2021-10-15,249
414,2021-4-5,35
414,2020-9-14,235
415,2020-5-17,58
415,2021-2-12,121
415,2020-1-15,16
416,2020-9-18,136
417,2021-4-7,54
417,2021-4-12,133
418,2021-11-14,44
418,2021-3-22,86
419,2020-8-26,147
419,2021-5-4,99
419,2021-1-1,67
420,2021-11-7,137
420,2021-6-13,174
421,2020-6-18,180
421,2021-6-26,197
421,2020-6-24,83
422,2021-3-11,248
422,2021-5-25,172
422,2021-6-3,191
423,2020-12-7,151
423,2020-5-23,44
424,2021-9-3,149
424,2021-7-21,54
425,2021-3-10,77
425,2020-2-28,77
426,2021-12-18,98
427,2020-10-13,245
427,2021-6-6,214
427,2020-11-17,209
428,2020-9-24,20
429,2021-9-6,242
429,2021-8-6,163
431,2020-1-9,204
431,2020-3-16,133
431,2021-7-28,51
432,2021-2-8,144
432,2021-9-4,44
432,2020-12-17,48
434,2021-10-22,155
434,2020-1-12,8
437,2020-6-8,227
437,2020-7-10,175
438,2021-2-21,66
440,2021-1-14,113
440,2021-11-12,66
440,2021-6-20,30
441,2020-10-6,208
441,2020-10-5,7
442,2021-2-15,188
444,2020-10-17,186
444,2020-10-13,183
445,2021-12-26,110
445,2021-5-11,226
445,2021-4-22,143
446,2020-3-25,231
446,2020-7-26,59
446,2020-8-3,183
447,2021-10-24,48
449,2020-10-25,64
449,2020-1-1,45
449,2020-12-3,132
451,2021-5-28,189
451,2021-11-28,46
451,2020-9-21,151
452,2021-8-11,165
452,2020-1-23,236
452,2020-11-20,242
453,2021-8-21,148
453,2021-9-26,24
454,2020-4-2,205
454,2020-3-11,87
455,2020-2-14,105
456,2021-6-25,228
456,2020-11-27,110
456,2021-5-10,109
457,2021-6-10,114
457,2021-11-17,36
457,2021-8-2,183
459,2021-10-4,201
459,2021-10-2,186
459,2021-10-7,128
460,2020-12-12,206
460,2021-2-9,213
462,2021-9-26,73
463,2021-1-20,18
463,2021-8-11,189
464,2021-8-21,153
464,2021-9-7,84
464,2021-8-25,64
466,2020-5-7,144
466,2020-2-8,98
469,2020-4-1,88
469,2021-7-14,70
470,2020-4-15,8
470,2020-3-22,195
470,2021-1-8,157
473,2021-10-23,49
474,2021-4-18,93
474,2020-7-13,84
475,2020-7-17,249
475,2020-6-25,169
476,2020-7-26,241
476,2021-1-9,182
476,2020-9-19,192
477,2020-1-12,78
477,2021-10-14,88
477,2021-9-24,104
478,2020-8-13,171
478,2021-12-13,10
478,2020-11-21,198
479,2020-2-14,149
480,2021-7-7,107
481,2021-2-16,88
481,2020-7-2,112
481,2021-4-18,115
482,2021-10-17,153
482,2020-9-17,148
482,2021-7-27,174
484,2020-8-13,83
484,2021-6-14,83
485,2021-9-5,236
488,2020-11-15,194
489,2020-8-14,77
489,2020-5-23,185
490,2020-12-19,188
491,2020-2-26,96
491,2021-1-9,186
491,2020-6-14,191
492,2021-6-21,146
492,2020-7-13,131
492,2020-4-2,197
494,2020-7-2,92
494,2021-2-26,57
495,2020-2-3,192
495,2020-1-23,98
495,2020-1-15,8
496,2020-3-23,208
496,2020-6-23,72
499,2021-2-9,70
499,2020-5-27,120
499,2021-7-19,241
500,2020-1-28,119
500,2020-3-13,142
500,2020-9-9,74
501,2021-6-28,96
501,2021-1-14,39
501,2020-2-5,94
503,2021-12-1,221
503,2021-6-24,100
504,2020-12-23,115
504,2020-6-21,195
506,2021-5-14,37
506,2020-3-24,140
508,2021-6-12,84
508,2020-1-3,113
509,2021-4-14,162
509,2020-1-1,121
510,2021-4-24,144
512,2020-1-16,87
512,2020-7-6,178
512,2020-6-8,204
514,2021-4-4,29
514,2020-3-7,90
515,2021-10-2,234
517,2020-10-8,62
517,2021-7-22,112
517,2021-5-6,139
518,2021-4-2,140
518,2020-3-20,41
519,2020-2-19,103
519,2020-11-4,133
520,2020-9-12,56
521,2020-12-16,6
521,2020-9-11,179
522,2020-2-16,172
522,2020-1-12,243
522,2020-2-11,31
523,2021-10-15,201
525,2020-7-24,159
525,2020-1-25,173
526,2020-11-10,116
527,2020-6-1,61
528,2020-8-14,150
528,2021-12-3,95
529,2020-3-10,175
529,2021-10-7,157
529,2020-8-22,14
530,2020-4-13,183
531,2021-10-18,51
531,2021-1-25,166
532,2021-9-5,53
533,2020-10-6,76
534,2021-1-4,137
535,2021-10-8,176
535,2020-6-3,186
535,2020-12-27,103
538,2021-12-15,70
538,2020-6-21,190
541,2021-11-3,113
541,2021-4-3,194
543,2021-5-23,213
544,2020-11-26,178
544,2021-3-28,126
544,2021-4-6,133
545,2020-9-8,89
545,2020-6-13,22
545,2020-6-19,234
547,2020-8-28,233
547,2021-11-3,127
547,2020-12-3,118
548,2021-1-8,234
549,2021-7-5,170
550,2021-10-2,37
551,2020-1-18,45
552,2020-1-6,30
553,2021-12-24,220
553,2021-3-9,44
553,2020-3-27,13
554,2021-2-13,97
554,2020-4-12,12
554,2020-6-21,145
555,2020-3-3,178
555,2020-9-13,151
556,2020-1-21,55
557,2020-5-15,237
557,2020-10-21,204
557,2021-8-22,156
558,2021-10-5,93
558,2020-1-4,152
558,2020-4-23,89
559,2021-3-18,112
559,2021-5-23,123
560,2020-10-17,240
560,2020-5-2,243
560,2021-2-7,69
562,2021-8-25,96
562,2020-6-1,117
563,2021-12-8,210
563,2020-8-2,166
563,2021-1-8,224
564,2021-3-14,23
564,2021-10-26,91
564,2020-7-24,59
565,2021-7-10,107
565,2020-8-10,83
566,2021-7-4,53
567,2021-8-16,121
567,2020-8-16,14
568,2021-8-18,11
569,2020-8-21,110
569,2021-10-21,171
570,2020-10-23,217
571,2021-7-27,84
571,2020-6-9,8
571,2020-9-5,221
572,2020-12-12,97
573,2020-11-19,243
573,2020-5-18,96
574,2020-6-12,109
575,2020-1-6,9
575,2021-3-4,56
576,2020-11-2,93
576,2021-5-2,185
576,2021-2-14,170
577,2020-8-25,237
578,2021-12-4,203
579,2021-5-19,79
580,2020-5-23,57
581,2020-11-8,113
581,2021-3-14,72
583,2021-7-16,190
583,2021-1-3,99
583,2021-4-23,121
584,2020-9-3,125
584,2020-12-1,118
584,2021-8-20,162
589,2020-5-27,222
589,2020-7-9,161
589,2020-11-21,231
591,2020-2-10,163
592,2020-4-10,27
592,2020-10-7,91
594,2020-8-18,120
594,2020-5-13,58
596,2021-11-20,57
597,2020-1-7,193
597,2020-11-4,147
598,2021-9-15,91
598,2021-10-26,74
598,2021-12-25,127
599,2020-4-24,149
600,2021-9-2,234
600,2020-6-5,90
602,2021-11-17,76
602,2021-7-26,155
602,2021-7-6,174
603,2020-12-15,58
604,2020-6-14,238
604,2020-1-16,147
605,2020-5-2,95
606,2020-2-4,76
606,2021-5-26,206
607,2021-12-24,47
607,2020-11-6,104
607,2021-12-18,79
608,2021-11-15,97
609,2021-4-16,118
609,2020-9-7,161
609,2021-7-1,132
610,2021-5-15,177
610,2020-9-4,14
610,2020-11-21,206
611,2021-5-9,33
611,2020-2-16,30
613,2020-10-20,46
614,2020-10-17,244
614,2021-6-14,64
614,2020-7-2,141
615,2020-2-15,13
616,2020-10-4,126
616,2020-12-16,114
621,2020-9-11,212
622,2021-1-11,133
622,2020-7-18,44
623,2021-11-12,98
623,2021-5-10,135
624,2020-7-18,46
627,2020-1-12,66
628,2021-3-23,194
630,2021-11-14,203
630,2020-10-11,150
631,2021-1-13,122
632,2020-3-6,232
633,2021-12-14,153
634,2021-4-4,163
634,2021-12-22,238
636,2020-4-16,154
639,2021-10-1,185
643,2021-3-6,115
643,2021-2-22,203
644,2021-4-9,203
645,2020-3-28,156
647,2021-7-17,39
647,2020-2-18,97
647,2021-12-6,204
648,2020-9-7,129
648,2020-12-22,210
648,2020-7-8,112
649,2020-10-16,243
650,2021-4-15,125
652,2021-3-1,87
652,2021-10-24,75
652,2021-3-14,86
653,2020-6-22,173
655,2020-8-11,92
655,2021-8-11,90
655,2021-11-26,56
656,2021-4-14,149
659,2020-3-27,109
659,2020-6-18,32
660,2021-1-7,186
661,2020-4-15,74
661,2021-10-12,125
664,2021-5-14,140
664,2020-5-1,174
666,2021-4-26,128
666,2021-10-5,248
667,2020-8-20,11
669,2020-2-10,87
670,2021-3-1,117
670,2021-1-21,91
670,2021-1-12,224
671,2021-7-13,53
671,2020-11-4,50
672,2020-7-25,68
673,2021-7-13,53
674,2021-11-28,64
676,2021-7-16,84
676,2021-4-3,196
676,2021-9-2,232
677,2021-8-6,248
677,2021-3-1,246
678,2020-6-12,238
678,2020-7-16,131
680,2021-3-8,236
681,2021-9-5,231
682,2020-9-22,239
682,2020-4-24,163
684,2020-8-28,136
684,2021-1-16,153
685,2020-4-13,71
685,2021-1-8,189
685,2020-8-3,190
686,2021-7-21,129
686,2021-4-20,102
687,2021-7-8,9
688,2021-10-18,132
688,2020-1-12,181
688,2020-5-22,12
689,2021-7-19,201
689,2021-12-4,54
689,2020-11-14,5
690,2020-9-22,70
691,2021-7-13,167
692,2020-12-28,46
693,2021-10-1,210
693,2020-3-2,76
694,2021-12-9,32
694,2021-3-13,152
694,2020-4-7,37
695,2020-1-27,130
696,2021-7-8,211
696,2020-12-5,69
696,2021-2-18,181
697,2020-5-2,53
698,2020-11-20,51
698,2020-3-4,231
698,2020-10-23,51
699,2020-4-25,84
699,2021-1-12,146
699,2021-11-23,74
700,2021-3-26,103
700,2020-9-17,215
700,2020-3-15,53
701,2020-5-17,198
701,2020-6-24,16
702,2021-4-26,85
703,2021-3-1,11
704,2021-5-9,176
706,2020-1-16,69
706,2020-3-20,167
706,2020-2-22,175
707,2021-5-27,171
709,2020-7-28,220
709,2021-5-23,55
709,2020-5-6,47
710,2021-3-8,64
710,2020-3-16,87
711,2021-8-1,8
712,2021-10-10,120
712,2020-1-23,107
712,2020-2-1,180
715,2020-2-26,9
715,2021-3-8,168
716,2021-2-18,124
717,2021-10-17,88
717,2020-11-27,100
718,2020-7-16,54
718,2020-5-19,91
718,2021-9-14,248
719,2021-3-20,48
719,2021-8-8,216
719,2020-4-7,69
720,2021-12-14,165
721,2021-4-5,86
721,2020-11-14,48
722,2020-12-8,97
722,2021-4-22,18
723,2021-8-6,23
723,2021-2-4,223
724,2020-11-1,55
725,2020-10-19,163
725,2021-11-21,197
726,2020-11-12,171
726,2020-11-1,94
726,2021-11-22,146
727,2020-9-14,216
727,2020-4-3,114
727,2021-6-22,70
728,2020-11-11,207
729,2020-11-2,152
729,2021-8-24,69
730,2021-3-7,190
731,2021-12-22,239
731,2021-5-4,233
735,2020-1-13,207
736,2021-4-20,63
736,2020-8-19,48
737,2021-9-2,181
738,2021-12-9,26
739,2021-2-20,43
740,2021-3-25,35
741,2021-11-19,165
742,2021-12-14,131
742,2020-5-17,132
742,2021-6-18,95
743,2021-7-15,221
743,2020-9-22,139
743,2021-3-10,227
744,2021-11-12,226
745,2021-8-28,199
748,2020-4-22,210
750,2020-9-28,34
750,2021-7-9,125
751,2021-10-4,47
751,2020-9-4,91
753,2021-10-3,79
754,2021-9-5,76
754,2021-2-24,24
754,2020-2-26,114
755,2020-6-21,40
756,2020-2-11,31
757,2020-7-23,82
757,2021-5-20,67
757,2021-6-7,194
758,2021-7-11,80
758,2020-3-14,185
759,2020-5-12,105
759,2021-9-20,162
759,2021-6-25,71
760,2021-10-10,211
760,2020-12-9,188
761,2020-12-24,143
761,2020-2-15,204
762,2020-8-5,151
762,2020-5-22,65
762,2020-2-13,240
763,2020-11-8,135
764,2021-5-25,115
764,2021-4-21,226
764,2020-3-20,78
767,2020-6-6,116
768,2021-1-23,218
768,2020-4-26,93
768,2021-5-11,239
769,2021-3-19,78
769,2021-6-8,54
769,2021-5-23,172
772,2021-10-12,139
773,2020-2-2,229
773,2021-4-28,211
773,2021-1-25,81
774,2021-2-9,183
774,2021-7-18,166
775,2021-9-19,187
775,2021-6-25,9
775,2020-2-18,222
776,2021-5-22,138
776,2020-7-27,242
777,2021-12-9,71
777,2021-7-21,181
777,2020-5-3,55
778,2020-2-25,123
778,2021-6-19,91
779,2021-11-6,8
780,2021-1-23,97
780,2021-7-13,122
780,2020-1-6,130
783,2021-9-17,189
783,2021-12-25,133
783,2020-12-23,156
785,2021-5-22,41
785,2020-5-2,239
786,2021-7-12,31
786,2020-6-20,62
786,2021-2-14,75
787,2020-11-4,208
787,2021-3-1,56
789,2020-1-21,62
789,2021-9-27,62
789,2020-10-23,116
790,2020-9-1,193
790,2020-7-26,129
791,2020-10-14,109
791,2020-6-23,120
792,2020-6-5,13
792,2021-5-8,32
792,2020-1-9,161
793,2020-3-12,94
793,2020-5-25,127
794,2020-9-25,151
795,2020-12-25,179
795,2020-3-25,84
795,2020-9-9,29
796,2020-9-25,138
798,2021-12-24,223
799,2020-4-11,32
799,2021-10-27,33
799,2020-7-11,89
800,2021-5-27,82
801,2020-7-12,75
802,2021-2-5,157
803,2020-9-8,168
803,2021-3-2,64
803,2021-6-10,140
807,2020-6-14,200
810,2021-11-26,41
811,2020-9-3,147
813,2021-9-1,119
813,2020-2-10,116
813,2020-4-6,44
816,2021-4-3,151
817,2020-2-7,111
817,2020-5-4,204
817,2020-12-2,114
818,2021-4-18,197
818,2021-6-12,48
819,2020-10-4,130
819,2021-1-17,173
819,2020-10-11,161
820,2021-10-15,125
821,2020-7-15,224
822,2020-12-5,21
822,2020-10-5,210
822,2020-5-27,140
823,2021-5-8,45
825,2020-5-21,165
825,2020-3-3,116
825,2020-8-13,88
827,2020-6-10,150
828,2020-9-2,224
829,2020-7-8,105
829,2020-11-28,147
831,2020-12-18,151
832,2020-5-26,168
832,2021-12-3,6
833,2021-3-27,238
833,2020-1-1,207
833,2020-7-15,191
834,2020-3-16,108
834,2020-7-21,216
834,2020-2-10,86
835,2021-8-24,208
835,2021-12-15,245
836,2020-6-18,160
836,2021-1-24,241
837,2020-12-8,152
837,2020-12-14,117
837,2021-10-10,152
838,2020-11-28,174
838,2021-7-1,114
839,2020-5-28,153
839,2021-2-14,194
839,2021-12-24,82
841,2021-11-18,90
842,2021-6-14,60
842,2021-5-2,25
842,2021-5-18,169
843,2020-3-14,129
843,2021-7-10,124
844,2020-10-22,23
844,2020-4-9,192
844,2020-9-19,247
845,2021-6-7,12
845,2020-10-8,95
845,2021-1-23,78
847,2020-12-13,30
848,2021-4-13,29
848,2021-2-2,111
850,2020-8-19,25
850,2021-2-10,245
850,2021-7-26,194
851,2020-11-15,71
852,2020-10-23,70
852,2020-4-20,14
852,2020-1-24,195
853,2020-6-3,43
853,2020-8-3,93
854,2021-5-23,216
854,2020-8-26,170
856,2020-4-23,201
856,2021-10-10,83
857,2020-8-5,239
857,2020-12-4,91
860,2021-5-8,76
860,2021-7-27,99
860,2020-3-15,60
861,2021-5-26,26
861,2021-5-17,61
861,2021-9-16,116
862,2020-10-18,82
864,2021-4-1,53
865,2020-2-17,243
865,2021-10-1,12
867,2020-12-3,157
867,2020-2-9,215
868,2021-8-8,217
868,2021-6-5,183
869,2021-9-8,225
869,2021-3-10,228
869,2021-11-21,23
870,2021-1-7,109
871,2021-6-8,208
871,2021-3-7,229
871,2021-10-18,197
872,2021-8-17,246
872,2021-9-10,55
873,2020-10-12,246
874,2020-9-14,220
875,2020-12-22,108
875,2021-11-26,218
875,2020-3-1,44
876,2020-4-3,10
878,2021-8-27,163
879,2021-11-23,171
879,2021-6-24,51
880,2021-8-17,84
880,2020-6-14,122
880,2020-11-13,127
883,2021-10-11,121
883,2021-12-14,79
883,2021-8-10,8
884,2021-8-2,221
885,2021-12-4,231
886,2021-3-23,75
887,2020-5-4,139
887,2021-4-16,9
888,2021-2-6,244
889,2020-9-3,182
891,2021-11-8,187
891,2020-5-23,66
891,2021-5-15,90
892,2020-12-12,212
892,2021-2-14,17
893,2020-11-15,191
894,2020-2-12,17
894,2020-12-1,224
895,2020-6-7,58
895,2021-9-6,250
895,2021-2-1,6
896,2020-11-28,47
896,2021-11-6,16
897,2020-1-4,164
899,2020-9-24,213
899,2020-8-5,176
900,2021-9-1,14
900,2021-1-18,16
900,2021-1-10,41
901,2020-6-21,184
901,2021-6-24,33
901,2020-5-2,10
903,2021-1-23,94
904,2021-9-19,123
906,2021-8-4,132
906,2021-11-3,107
908,2020-9-25,207
908,2020-9-6,159
908,2020-10-18,126
909,2021-8-28,49
910,2021-5-12,227
910,2021-3-7,79
913,2020-2-22,61
913,2020-6-25,143
913,2021-4-24,169
915,2021-12-14,121
915,2020-6-7,200
916,2021-5-3,155
916,2020-6-24,95
917,2020-2-25,110
917,2020-3-8,67
920,2021-7-24,196
920,2021-9-22,145
922,2021-10-24,41
922,2020-4-18,148
922,2020-6-18,33
924,2020-6-24,44
924,2020-11-4,53
924,2021-5-11,22
925,2020-11-8,172
925,2020-4-14,216
926,2021-8-25,128
926,2021-3-14,198
926,2021-8-14,41
927,2021-10-4,149
927,2021-9-28,26
927,2021-5-4,17
928,2021-5-12,63
928,2021-4-16,99
928,2020-4-7,95
929,2021-6-17,148
929,2021-11-18,104
932,2020-6-4,193
932,2021-7-13,21
933,2021-11-8,214
935,2020-6-16,137
935,2020-12-5,220
935,2020-5-19,188
936,2021-4-12,65
936,2020-7-14,224
937,2021-11-9,210
937,2020-2-23,124
937,2020-3-2,166
938,2020-8-3,18
938,2020-8-9,241
939,2020-3-14,209
939,2020-7-26,140
939,2021-11-11,36
940,2020-4-25,23
941,2020-6-25,209
942,2021-4-1,158
942,2020-6-19,155
943,2021-8-18,54
943,2020-1-10,61
943,2020-10-11,110
944,2020-3-1,102
944,2020-8-9,64
944,2020-2-26,122
945,2021-3-9,20
946,2020-1-12,193
947,2021-10-10,82
948,2021-1-9,116
948,2020-12-14,215
948,2020-1-7,192
949,2020-9-15,201
949,2020-9-6,101
950,2021-10-18,135
950,2020-9-7,190
950,2021-4-18,108
952,2020-7-18,99
953,2021-11-5,34
953,2021-10-1,247
953,2021-12-24,192
954,2021-9-11,207
954,2021-5-28,35
954,2021-10-1,100
955,2021-11-2,186
958,2021-5-8,134
958,2021-1-2,91
959,2020-9-28,159
963,2021-1-21,108
964,2020-8-14,50
965,2020-6-25,59
965,2021-4-23,53
966,2020-11-26,114
966,2020-10-25,176
966,2021-5-26,215
967,2020-4-5,89
967,2020-4-17,21
968,2021-12-16,157
968,2021-1-10,163
968,2021-10-20,180
970,2021-2-10,180
970,2020-1-18,61
971,2020-11-18,19
971,2021-7-11,5
971,2020-3-9,99
973,2021-9-22,39
975,2020-1-14,50
976,2021-6-20,224
977,2020-3-10,102
977,2020-12-25,131
978,2020-5-20,183
978,2020-6-21,228
979,2020-10-25,35
979,2021-2-6,217
979,2021-3-5,160
981,2020-5-4,61
981,2020-6-13,220
981,2020-11-17,184
982,2020-5-23,138
983,2021-10-19,21
983,2021-2-1,155
983,2020-1-27,127
984,2021-6-23,49
984,2020-2-21,80
984,2021-12-20,183
985,2020-11-17,13
985,2021-9-11,185
986,2020-2-8,131
986,2021-1-3,224
987,2021-6-10,158
987,2020-1-22,173
987,2020-5-12,240
988,2021-5-17,193
988,2020-11-4,219
989,2021-1-25,214
989,2021-7-20,83
990,2020-2-25,73
990,2020-6-25,180
990,2021-2-26,61
991,2020-2-10,96
992,2021-6-8,134
992,2021-12-24,74
992,2020-9-1,220
994,2020-11-17,108
995,2021-6-7,74
995,2020-2-23,128
996,2020-4-7,190
999,2021-9-26,238
999,2020-12-25,163
1000,2021-10-26,176
1000,2021-3-2,143
1002,2021-1-27,68
1002,2020-3-22,223
1004,2021-12-1,89
1004,2021-10-3,189
1004,2020-10-25,161
1005,2020-12-1,187
1006,2021-1-22,245
1007,2020-3-16,150
1007,2020-8-18,221
1007,2020-8-24,89
1009,2020-2-21,101
1010,2021-9-9,101
1010,2021-1-21,129
1013,2020-9-17,90
1013,2020-4-25,25
1014,2021-2-25,158
1014,2021-9-19,129
1014,2021-10-22,180
1018,2020-7-5,14
1018,2021-7-20,234
1020,2020-2-24,135
1022,2021-5-7,172
1023,2021-2-22,6
1023,2021-8-14,21
1023,2020-1-11,79
1025,2020-10-10,203
1025,2021-8-20,113
1026,2021-10-19,243
1026,2020-8-10,91
1026,2021-9-3,189
1027,2020-8-15,226
1027,2020-3-23,169
1028,2020-12-21,42
1028,2020-8-26,64
1028,2020-5-13,124
1029,2020-1-23,97
1029,2020-7-28,151
1030,2021-7-24,231
1030,2021-3-16,211
1030,2020-10-23,60
1032,2021-3-2,224
1033,2020-8-4,74
1034,2021-7-13,42
1034,2021-11-21,108
1034,2020-3-17,72
1035,2020-2-6,110
1035,2020-12-19,44
1035,2021-2-11,75
1037,2020-10-13,163
1037,2020-5-15,179
1039,2020-2-10,8
1039,2020-1-3,23
1042,2020-4-22,95
1042,2021-8-11,175
1043,2020-6-6,107
1043,2020-7-16,138
1043,2020-10-23,176
1044,2020-11-12,28
1045,2021-6-21,192
1046,2020-8-20,11
1047,2020-12-12,233
1047,2021-1-21,168
1047,2021-8-3,46
1048,2020-3-16,175
1048,2021-7-3,97
1049,2021-12-21,100
1050,2020-5-1,104
1050,2021-5-12,145
1050,2021-3-10,159
1051,2020-10-16,150
1052,2020-5-4,220
1052,2020-12-26,62
1053,2020-3-14,248
1054,2020-4-4,12
1054,2020-8-22,22
1055,2021-4-13,237
1055,2021-1-22,96
1055,2020-7-16,79
1056,2021-8-22,166
1056,2020-6-2,78
1056,2020-7-27,147
1057,2021-6-4,22
1057,2021-5-17,209
1057,2021-11-17,176
1058,2021-2-6,230
1059,2020-9-22,190
1062,2021-1-3,114
1062,2020-12-25,81
1062,2020-2-2,32
1064,2021-9-5,132
1064,2021-11-5,49
1065,2020-12-1,144
1066,2021-4-19,183
1067,2020-2-23,178
1067,2021-1-16,157
1068,2020-12-17,148
1069,2020-8-26,230
1069,2021-7-20,227
1069,2021-3-23,196
1070,2020-3-28,215
1070,2021-4-1,136
1070,2020-11-12,66
1072,2021-1-7,5
1072,2020-2-22,78
1074,2020-6-20,159
1074,2020-12-20,85
1074,2021-8-1,14
1076,2020-2-6,178
1076,2020-7-16,144
1076,2020-4-4,76
1077,2021-3-12,149
1077,2020-4-19,166
1077,2021-7-4,26
1078,2020-8-24,178
1079,2021-5-4,231
1079,2021-3-3,175
1079,2020-4-18,232
1080,2021-5-10,121
1080,2021-9-20,216
1081,2020-5-23,163
1081,2020-4-9,17
1081,2020-4-22,27
1082,2021-7-23,170
1082,2021-5-23,230
1083,2020-10-26,44
1084,2020-6-18,240
1084,2020-6-11,175
1084,2020-12-4,205
1085,2021-10-15,181
1085,2021-3-3,33
1086,2020-7-9,225
1088,2021-5-4,23
1088,2020-1-3,132
1089,2021-11-27,60
1089,2021-11-9,174
1090,2020-9-9,75
1091,2020-11-7,158
1091,2020-9-3,171
1092,2021-8-21,172
1093,2020-2-24,104
1093,2020-6-1,225
1093,2021-9-19,205
1094,2020-9-2,193
1094,2021-2-19,221
1096,2021-11-10,141
1096,2021-11-18,89
1096,2020-5-26,125
1098,2020-6-24,157
1098,2021-3-27,5
1099,2020-11-7,30
1100,2021-7-20,241
1100,2020-4-8,75
1100,2020-8-5,174
1101,2021-12-28,125
1101,2021-8-20,171
1102,2020-8-4,90
1102,2020-7-23,46
1105,2021-8-25,227
1105,2020-6-25,146
1106,2021-5-8,12
1106,2021-10-12,136
1106,2021-7-21,238
1107,2021-6-22,8
1109,2020-12-22,70
1109,2020-4-22,205
1110,2021-6-22,182
1110,2021-2-11,214
1111,2020-5-7,220
1112,2020-1-28,179
1112,2021-5-21,224
1112,2021-12-5,208
1113,2021-12-9,236
1114,2021-4-20,27
1114,2020-10-5,152
1116,2021-4-6,88
1116,2021-8-14,100
1117,2021-1-6,116
1118,2021-1-13,182
1118,2021-2-6,137
1118,2020-7-3,96
1120,2020-10-7,94
1120,2021-3-15,221
1120,2020-5-15,200
1121,2021-10-21,116
1121,2020-7-26,130
1121,2021-8-19,224
1122,2020-6-28,228
1123,2021-8-6,92
1124,2020-4-2,88
1124,2020-10-1,161
1124,2020-9-26,79
1125,2021-6-10,169
1128,2021-4-8,172
1129,2020-6-18,92
1129,2020-2-15,205
1129,2021-6-21,163
1130,2021-11-28,96
1130,2021-11-1,157
1130,2021-12-17,224
1131,2020-1-3,86
1131,2020-12-10,59
1132,2021-7-9,45
1132,2020-5-18,29
1132,2021-1-19,154
1133,2020-6-12,161
1133,2020-4-2,184
1134,2021-8-16,33
1134,2020-7-20,219
1135,2020-9-17,57
1135,2020-1-15,12
1136,2021-9-24,188
1136,2020-3-8,132
1136,2020-8-14,172
1138,2021-4-18,10
1138,2021-8-15,45
1138,2021-11-26,9
1139,2021-8-5,162
1140,2021-10-6,98
1140,2020-5-21,245
1140,2021-4-23,53
1141,2021-9-25,201
1141,2020-10-7,237
1141,2020-3-10,14
1143,2021-12-5,132
1143,2021-8-12,18
1143,2021-3-10,108
1146,2020-10-9,7
1146,2021-4-26,47
1146,2020-1-28,33
1148,2021-3-10,125
1148,2020-5-18,68
1148,2020-11-15,156
1150,2021-3-19,117
1151,2020-6-16,150
1152,2020-2-9,117
1152,2020-1-18,161
1153,2020-7-21,164
1154,2021-4-25,196
1154,2021-11-26,85
1154,2021-10-14,51
1155,2020-7-28,128
1155,2021-3-14,171
1157,2021-11-11,160
1157,2021-4-12,244
1157,2020-7-23,248
1158,2021-2-24,5
1159,2020-11-26,71
1160,2021-10-11,146
1161,2020-7-8,236
1161,2021-7-15,76
1162,2020-4-4,196
1164,2021-11-28,168
1164,2020-3-4,33
1166,2020-11-5,230
1167,2021-8-24,85
1167,2020-12-8,48
1167,2020-9-18,226
1168,2021-7-3,243
1168,2020-5-13,7
1170,2020-6-2,116
1170,2021-9-4,148
1171,2021-10-24,188
1171,2021-2-24,42
1171,2020-5-9,178
1172,2021-8-25,61
1173,2020-5-19,115
1173,2020-3-12,116
1173,2021-2-7,182
1175,2020-10-11,101
1176,2021-2-3,20
1176,2020-6-20,86
1179,2020-4-9,244
1179,2021-12-25,64
1181,2021-5-14,138
1182,2020-3-8,128
1184,2021-10-17,161
1185,2021-8-16,246
1185,2021-11-4,225
1186,2021-10-10,67
1186,2021-8-27,199
1187,2020-5-26,249
1187,2020-4-10,189
1187,2020-7-10,82
1188,2021-11-11,120
1188,2020-10-14,172
1188,2021-1-5,182
1189,2020-7-28,66
1190,2021-1-5,116
1191,2020-6-12,44
1192,2021-8-24,136
1193,2020-1-3,213
1193,2021-8-22,143
1193,2020-1-11,71
1194,2020-10-17,48
1194,2020-9-16,134
1194,2021-5-9,201
1196,2020-3-3,154
1196,2020-6-2,129
1197,2021-2-15,246
1197,2020-7-24,36
1198,2021-10-6,226
1198,2020-2-22,43
1199,2020-11-5,106
1199,2020-5-24,77
1199,2020-11-10,39
1202,2020-5-19,32
1202,2021-11-12,214
1203,2021-1-10,120
1203,2021-4-5,239
1203,2021-8-20,43
1204,2021-12-8,94
1204,2020-10-15,144
1205,2021-12-18,96
1206,2021-10-10,5
1206,2020-10-5,44
1207,2020-2-13,85
1208,2021-5-18,114
1209,2021-12-4,220
1210,2021-10-12,57
1210,2021-3-3,122
1211,2021-6-4,21
1211,2021-3-26,231
1212,2021-9-15,148
1212,2021-6-17,51
1213,2020-9-18,191
1213,2020-5-21,235
1214,2021-4-23,41
1215,2021-8-3,137
1215,2021-6-4,239
1215,2021-9-23,15
1217,2020-3-13,162
1217,2020-4-25,58
1218,2021-8-9,105
1218,2020-10-12,32
1220,2020-6-22,248
1222,2021-9-23,36
1222,2021-11-19,241
1222,2021-6-24,231
1223,2020-9-5,105
1224,2021-7-5,179
1225,2020-2-13,113
1226,2021-11-28,151
1226,2021-12-12,167
1226,2021-6-19,122
1227,2020-7-17,26
1227,2020-3-6,238
1227,2021-8-16,250
1228,2020-10-9,111
1228,2020-4-7,168
1229,2020-4-13,122
1230,2021-2-13,6
1231,2021-9-7,61
1231,2020-4-9,127
1231,2020-3-7,140
1232,2021-12-2,197
1232,2020-8-12,145
1233,2021-11-12,215
1233,2021-3-28,52
1233,2021-7-13,213
1234,2021-10-27,114
1234,2020-1-23,233
1235,2021-7-10,92
1235,2020-2-6,229
1235,2020-3-16,78
1236,2021-8-3,245
1237,2021-1-26,14
1239,2021-6-23,163
1239,2021-1-27,155
1240,2021-3-11,146
1240,2020-8-8,89
1240,2020-4-28,143
1243,2020-8-13,179
1243,2021-8-3,234
1243,2020-3-11,176
1244,2020-9-22,112
1244,2020-7-18,101
1245,2021-12-27,121
1245,2020-5-7,70
1246,2020-5-2,162
1249,2021-3-14,147
1251,2021-10-22,233
1252,2020-8-18,30
1252,2020-1-18,111
1252,2020-1-14,130
1254,2021-12-23,133
1254,2020-6-3,192
1254,2021-4-12,227
1255,2021-9-5,82
1255,2020-7-14,172
1256,2020-8-22,82
1256,2020-2-14,210
1258,2021-5-9,45
1259,2020-3-1,144
1259,2020-6-20,148
1259,2020-7-14,155
1260,2021-11-21,230
1261,2020-5-25,80
1261,2021-3-24,140
1261,2021-10-20,161
1262,2021-10-18,107
1262,2020-5-28,85
1262,2020-12-12,166
1263,2020-9-10,146
1263,2021-12-10,209
1263,2020-1-14,200
1266,2020-7-15,102
1266,2021-4-19,243
1266,2021-3-19,200
1267,2020-9-25,225
1268,2021-10-20,118
1268,2021-5-6,159
1269,2021-5-10,135
1271,2020-11-11,35
1272,2021-11-15,142
1273,2021-1-21,249
1273,2020-10-13,244
1273,2020-10-22,117
1274,2021-8-22,109
1275,2021-4-9,41
1277,2021-9-9,110
1277,2021-9-14,234
1277,2021-10-2,70
1278,2021-11-7,249
1278,2021-6-28,113
1279,2020-11-19,150
1279,2021-5-6,56
1279,2020-6-8,168
1280,2020-6-14,241
1281,2020-9-15,60
1282,2021-3-28,12
1282,2021-5-16,108
1283,2021-6-17,96
1283,2020-6-21,220
1283,2021-3-10,35
1284,2021-5-15,91
1284,2020-5-24,31
1284,2020-5-13,17
1286,2021-4-20,204
1286,2020-3-19,201
1287,2020-4-25,128
1287,2021-9-14,9
1287,2021-6-18,114
1289,2021-9-3,59
1289,2020-10-1,117
1290,2020-8-27,224
1290,2020-6-20,67
1291,2021-12-19,95
1291,2020-7-20,201
1291,2021-7-2,250
1293,2021-12-3,15
1293,2021-2-15,119
1294,2021-5-17,187
1295,2020-5-23,213
1296,2020-7-7,167
1297,2020-10-21,6
1297,2020-4-17,88
1297,2020-7-27,174
1299,2021-3-7,222
1300,2021-5-7,82
1301,2020-6-13,150
1302,2021-9-6,232
1303,2021-7-15,177
1303,2021-11-8,11
1303,2020-5-9,128
1304,2021-12-11,186
1304,2020-2-1,158
1304,2020-7-17,86
1305,2020-2-4,136
1305,2021-5-17,148
1306,2020-11-16,96
1306,2020-8-28,61
1307,2021-9-26,114
1308,2020-9-12,232
1310,2020-10-18,247
1311,2021-12-9,136
1311,2021-2-22,145
1311,2021-9-26,226
1312,2020-2-25,140
1312,2020-2-3,192
1312,2021-10-11,46
1313,2021-1-18,241
1314,2021-11-26,142
1317,2021-8-5,21
1319,2021-4-8,64
1319,2021-5-27,69
1319,2020-12-20,109
1321,2021-3-8,235
1321,2020-4-21,116
1322,2021-10-25,125
1322,2020-8-16,204
1323,2020-5-28,88
1324,2020-7-5,86
1324,2021-11-26,61
1325,2021-8-27,124
1327,2021-5-21,193
1327,2021-2-22,72
1327,2021-9-3,137
1330,2021-5-16,97
1330,2021-1-13,127
1330,2021-9-16,138
1331,2020-3-5,69
1331,2020-9-7,151
1332,2021-2-10,179
1333,2020-11-15,137
1334,2020-12-12,32
1334,2021-8-17,134
1335,2021-9-26,97
1335,2021-2-2,73
1337,2021-9-16,65
1337,2021-11-16,223
1338,2021-6-20,228
1338,2021-6-3,232
1339,2020-5-2,185
1340,2021-3-4,208
1340,2021-6-16,31
1340,2021-7-5,222
1342,2021-1-10,29
1342,2020-10-13,226
1342,2020-11-15,75
1343,2020-1-15,126
1343,2021-10-19,92
1343,2021-9-20,174
1346,2021-11-25,92
1347,2020-8-11,242
1348,2020-2-13,98
1348,2021-8-15,9
1350,2020-9-4,241
1351,2020-4-9,237
1351,2020-3-15,163
1352,2021-3-20,48
1352,2021-7-18,228
1352,2020-12-14,110
1353,2021-5-24,166
1353,2020-9-13,115
1353,2020-5-15,107
1354,2020-1-24,11
1354,2021-8-28,86
1355,2020-1-8,176
1355,2020-7-1,106
1356,2020-8-1,116
1357,2021-9-24,35
1357,2021-7-20,134
1357,2020-4-15,238
1359,2021-7-27,129
1359,2021-7-14,150
1359,2021-5-11,174
1360,2021-11-4,52
1360,2021-4-13,122
1361,2021-11-3,97
1361,2020-12-7,240
1362,2021-1-19,99
1362,2020-10-17,28
1362,2020-11-2,40
1363,2020-1-19,102
1363,2021-2-11,182
1364,2020-4-25,108
1364,2020-2-18,167
1364,2021-9-13,189
1366,2020-10-8,38
1366,2021-2-19,61
1367,2020-4-2,231
1367,2021-5-28,215
1368,2020-6-1,45
1369,2020-6-7,107
1370,2020-7-21,140
1370,2021-1-23,137
1370,2021-12-11,46
1371,2021-9-19,61
1371,2021-5-25,78
1373,2021-12-13,25
1375,2021-6-17,238
1376,2021-2-17,131
1377,2021-9-16,234
1377,2021-6-5,114
1378,2020-4-6,238
1379,2021-9-5,93
1379,2020-11-3,160
1379,2020-6-18,218
1380,2021-1-28,29
1380,2020-12-2,243
1381,2020-2-24,238
1381,2021-11-8,248
1381,2021-12-11,25
1382,2021-6-23,41
1382,2020-8-20,226
1383,2021-8-16,77
1383,2021-2-7,73
1383,2020-10-4,175
1385,2020-3-4,38
1386,2021-12-25,49
1387,2020-7-14,110
1387,2020-12-27,219
1387,2021-3-23,228
1388,2021-3-10,73
1389,2020-7-11,246
1389,2021-1-10,49
1389,2021-12-25,84
1391,2021-11-9,126
1391,2021-4-1,87
1391,2021-7-6,74
1392,2020-10-8,6
1394,2020-4-28,167
1394,2020-7-28,151
1395,2021-2-28,102
1398,2021-12-22,106
1398,2021-6-18,242
1398,2021-3-15,48
1400,2020-6-6,7
1401,2021-10-24,247
1403,2020-5-20,179
1405,2020-3-3,142
1405,2021-6-5,182
1405,2020-5-9,40
1406,2020-10-24,27
1406,2021-9-25,181
1406,2021-7-19,21
1409,2020-9-14,209
1409,2021-9-4,138
1410,2020-11-14,187
1410,2020-11-1,114
1411,2021-2-2,28
1411,2020-4-22,89
1411,2020-12-2,108
1412,2021-5-11,242
1413,2021-8-12,64
1413,2020-11-12,42
1418,2021-6-11,27
1418,2020-4-22,23
1418,2021-10-9,132
1419,2020-11-17,218
1419,2021-9-24,117
1420,2021-3-2,242
1421,2020-7-4,89
1422,2021-1-3,10
1424,2020-2-22,151
1424,2021-11-8,49
1426,2020-3-17,14
1426,2020-7-10,30
1426,2021-11-17,205
1427,2020-2-14,85
1429,2021-12-3,100
1429,2021-8-28,60
1429,2021-2-5,150
1430,2021-1-15,60
1430,2020-8-16,56
1430,2020-1-17,89
1431,2020-10-9,160
1431,2021-11-13,25
1433,2020-8-7,246
1434,2021-2-2,114
1434,2020-11-28,42
1434,2021-10-7,17
1435,2020-1-21,139
1436,2021-7-19,120
1436,2020-12-11,247
1437,2021-12-4,15
1440,2021-3-11,184
1441,2021-4-23,40
1442,2020-9-2,149
1442,2021-2-24,248
1443,2020-5-14,120
1443,2021-1-5,233
1443,2021-8-18,213
1446,2021-11-16,76
1446,2020-4-14,167
1446,2021-3-27,97
1447,2020-4-2,63
1447,2021-3-27,112
1448,2021-4-9,68
1448,2020-8-23,216
1448,2021-6-6,158
1449,2021-10-4,184
1449,2021-6-9,176
1449,2020-4-25,106
1450,2020-1-14,49
1453,2021-4-20,146
1455,2021-7-1,183
1455,2021-6-5,105
1455,2020-9-13,250
1456,2020-10-5,250
1456,2020-5-17,210
1457,2021-2-4,40
1457,2020-8-3,196
1458,2021-8-25,138
1458,2021-10-9,165
1459,2021-1-14,136
1459,2021-3-9,142
1459,2020-5-14,176
1460,2020-10-25,70
1460,2020-8-11,204
1461,2020-2-6,82
1462,2021-10-23,124
1462,2021-3-10,210
1463,2020-7-7,228
1464,2021-2-10,40
1464,2020-2-18,68
1465,2021-11-26,48
1465,2020-4-21,96
1466,2021-7-15,80
1466,2020-4-28,26
1467,2020-4-1,37
1467,2021-4-4,91
1467,2020-2-19,110
1468,2020-11-25,162
1468,2020-8-7,160
1469,2020-1-28,194
1469,2021-11-27,113
1471,2020-3-17,163
1471,2021-3-28,108
1471,2020-4-28,141
1472,2021-1-21,59
1473,2020-8-17,116
1476,2020-6-3,150
1476,2021-10-24,175
1476,2021-7-15,21
1478,2021-10-8,203
1478,2020-10-4,140
1480,2021-11-24,63
1480,2020-12-7,57
1481,2020-12-27,246
1482,2021-11-16,189
1482,2020-7-18,25
1482,2021-9-23,212
1483,2021-5-11,169
1483,2020-5-10,231
1483,2021-9-19,182
1484,2020-6-28,191
1484,2020-2-19,193
1485,2021-9-21,111
1486,2020-9-13,130
1487,2021-9-25,206
1487,2021-9-26,38
1487,2020-5-14,32
1488,2021-10-15,164
1488,2020-1-5,57
1488,2021-4-1,211
1490,2021-9-21,82
1490,2020-4-14,246
1491,2021-9-21,93
1491,2020-8-19,93
1492,2021-3-24,144
1493,2021-3-26,67
1493,2020-12-12,22
1494,2021-12-8,41
1494,2021-4-27,226
1494,2021-3-1,42
1495,2021-9-14,50
1495,2021-8-11,155
1495,2020-6-19,33
1497,2020-3-22,51
1499,2020-6-3,212
1499,2021-3-17,169
1501,2021-3-23,12
1502,2021-7-25,33
1503,2021-5-2,226
1503,2021-11-27,186
1503,2021-7-2,224
1504,2020-1-13,31
1504,2021-4-24,119
1504,2021-5-14,218
1505,2020-12-27,61
1505,2020-4-17,24
1505,2020-6-2,22
1506,2021-1-15,32
1506,2020-10-14,101
1506,2021-8-7,228
1507,2020-11-1,21
1508,2020-9-17,77
1508,2020-9-7,154
1508,2021-3-27,91
1509,2021-10-28,40
1509,2020-11-15,34
1509,2020-10-10,205
1510,2021-1-1,236
1510,2020-9-6,172
1511,2021-8-10,89
1511,2020-11-5,12
1511,2020-3-25,205
1512,2021-1-2,192
1513,2020-6-1,124
1514,2021-12-23,167
1515,2020-9-6,110
1516,2021-2-19,155
1516,2021-1-11,196
1516,2021-6-4,214
1517,2020-9-18,16
1517,2021-1-28,19
1518,2020-6-18,76
1518,2020-6-5,156
1518,2021-4-11,148
1519,2020-9-25,47
1519,2021-9-22,248
1521,2021-3-9,19
1524,2021-2-1,13
1524,2020-10-13,104
1525,2020-6-16,183
1525,2020-7-19,239
1525,2021-5-23,203
1527,2020-9-3,223
1527,2021-3-3,58
1527,2020-1-15,213
1528,2020-12-4,82
1529,2020-3-10,7
1530,2020-5-3,23
1530,2021-11-12,138
1531,2021-9-28,249
1533,2020-2-24,5
1533,2020-1-27,212
1534,2021-7-16,115
1534,2021-3-24,68
1534,2021-7-6,128
1535,2021-3-12,108
1535,2021-5-15,88
1535,2020-6-18,202
1536,2020-3-17,100
1537,2020-4-27,225
1537,2021-7-25,123
1537,2020-11-21,47
1539,2021-11-10,181
1539,2021-8-21,227
1539,2021-2-20,96
1540,2020-4-18,85
1540,2020-4-25,208
1542,2021-7-3,209
1543,2021-1-17,198
1543,2021-5-19,190
1543,2021-3-6,23
1544,2020-11-11,189
1545,2021-10-25,151
1545,2020-11-15,111
1547,2021-7-26,245
1547,2020-7-2,170
1547,2020-4-21,204
1548,2021-8-14,177
1548,2020-7-21,59
1550,2021-7-21,14
1550,2020-12-19,61
1552,2021-11-7,135
1553,2020-11-9,204
1553,2020-10-19,169
1554,2021-3-20,120
1555,2020-11-8,130
1555,2021-3-16,122
1555,2020-10-1,25
1556,2020-2-18,197
1556,2020-6-6,17
1558,2020-3-18,72
1559,2020-8-20,12
1560,2020-12-19,58
1560,2021-7-16,179
1560,2021-4-9,248
1561,2020-5-20,185
1562,2021-3-4,122
1562,2021-10-24,226
1563,2021-2-21,118
1563,2021-8-3,190
1564,2020-2-5,192
1564,2020-10-26,138
1565,2020-10-2,88
1565,2021-6-12,242
1566,2020-12-18,215
1566,2021-3-14,52
1571,2020-5-2,146
1571,2020-11-12,165
1572,2021-1-23,25
1572,2021-11-14,172
1573,2020-4-21,106
1574,2020-9-8,127
1575,2020-7-12,177
1576,2020-11-27,157
1576,2021-5-18,241
1576,2021-4-20,233
1578,2021-7-20,140
1578,2021-7-9,39
1581,2020-5-14,197
1582,2021-10-26,218
1582,2020-10-25,207
1583,2020-1-26,245
1583,2021-1-16,233
1583,2020-11-11,230
1584,2021-5-20,100
1584,2021-3-10,131
1585,2021-9-19,215
1585,2021-1-13,168
1586,2020-1-16,81
1586,2021-3-26,82
1588,2020-8-9,181
1590,2020-4-20,73
1591,2021-12-2,245
1591,2020-2-6,135
1592,2020-3-5,46
1592,2021-11-10,178
1592,2020-9-28,145
1595,2021-9-15,103
1595,2021-12-17,178
1595,2021-5-22,11
1600,2021-1-13,63
1600,2020-11-17,50
1601,2020-9-15,101
1601,2021-8-17,143
1602,2020-9-21,217
1602,2020-5-20,168
1603,2020-9-18,82
1604,2021-2-12,72
1604,2020-5-15,130
1605,2020-6-5,154
1606,2020-5-4,198
1606,2021-6-3,250
1606,2021-4-22,115
1607,2021-9-9,74
1608,2021-9-28,115
1609,2020-2-27,152
1609,2020-9-24,11
1609,2020-12-1,15
1610,2021-11-14,46
1610,2021-8-1,142
1611,2021-2-4,163
1611,2021-2-10,139
1612,2020-11-23,129
1612,2020-10-28,122
1612,2020-3-16,44
1613,2020-4-21,234
1614,2020-4-10,84
1614,2021-6-25,195
1614,2020-1-14,145
1615,2021-11-25,77
1615,2020-11-21,207
1615,2021-2-2,219
1616,2021-2-7,127
1618,2020-1-18,102
1619,2021-9-28,151
1619,2021-8-23,124
1619,2020-7-24,123
1620,2020-5-11,138
1621,2020-2-20,141
1621,2021-10-2,217
1622,2021-2-21,98
1622,2020-10-14,55
1622,2020-4-19,184
1623,2020-6-6,120
1623,2020-5-19,247
1623,2021-3-22,158
1624,2021-1-21,66
1624,2021-7-8,224
1624,2021-6-27,134
1625,2021-5-21,105
1625,2020-11-5,230
1627,2021-11-12,148
1629,2021-1-28,92
1629,2021-4-14,13
1629,2020-9-27,38
1630,2021-3-2,129
1630,2020-6-22,23
1631,2021-5-8,240
1631,2021-3-8,99
1631,2021-1-14,163
1632,2020-11-14,241
1634,2020-5-12,196
1634,2021-8-7,161
1636,2020-5-6,236
1637,2021-10-14,138
1637,2020-5-27,146
1638,2021-4-9,84
1638,2021-7-16,140
1638,2021-6-9,171
1639,2020-7-6,98
1639,2020-9-16,39
1640,2020-1-26,172
1640,2020-9-13,175
1641,2021-4-9,108
1642,2021-2-25,147
1642,2021-11-18,218
1642,2020-4-27,236
1643,2021-8-3,99
1644,2020-5-14,240
1644,2021-10-16,232
1645,2021-9-8,237
1645,2020-1-19,250
1645,2020-12-11,12
1646,2021-12-25,24
1646,2021-1-16,89
1646,2021-5-21,165
1647,2021-8-14,238
1647,2020-2-1,207
1648,2021-2-1,61
1648,2021-6-14,88
1648,2020-5-27,134
1649,2021-9-19,195
1650,2021-8-4,35
1650,2020-6-27,146
1650,2020-7-6,166
1651,2020-4-23,7
1653,2020-4-12,155
1654,2021-9-26,198
1654,2021-8-25,40
1655,2020-5-6,112
1655,2021-4-10,15
1655,2020-8-5,211
1656,2020-1-10,172
1656,2020-10-3,145
1657,2021-6-24,61
1658,2020-10-6,108
1658,2020-12-17,198
1658,2021-8-8,92
1659,2020-7-23,104
1659,2021-7-16,219
1659,2020-7-25,35
1660,2021-3-12,172
1661,2020-11-3,36
1661,2021-9-21,243
1661,2020-9-25,204
1663,2021-8-1,195
1663,2020-4-1,88
1663,2020-12-2,70
1664,2020-6-11,143
1664,2021-10-11,7
1664,2021-12-11,37
1665,2021-1-28,132
1665,2021-1-10,208
1665,2021-4-27,7
1666,2020-4-7,21
1666,2020-2-17,227
1667,2020-11-27,51
1668,2021-1-28,166
1669,2020-1-17,240
1669,2020-12-1,150
1669,2021-7-8,194
1670,2020-2-11,133
1670,2020-12-4,141
1671,2021-9-1,133
1673,2021-2-4,153
1673,2020-6-7,187
1674,2020-8-2,33
1674,2021-9-27,166
1675,2020-1-24,42
1675,2021-6-17,216
1676,2021-2-25,232
1676,2021-1-13,220
1676,2021-2-20,23
1677,2020-8-6,44
1678,2020-1-1,50
1679,2021-9-24,37
1679,2021-8-9,73
1682,2021-2-16,223
1683,2020-4-11,246
1684,2021-2-14,141
1684,2021-8-19,163
1684,2021-6-27,135
1685,2021-9-24,236
1685,2021-3-7,193
1686,2020-8-24,39
1686,2020-7-22,73
1688,2020-1-18,177
1689,2020-2-18,39
1689,2021-7-13,232
1689,2021-9-7,241
1691,2020-8-13,64
1691,2020-5-15,231
1691,2021-3-14,191
1692,2021-6-2,187
1692,2020-3-3,220
1692,2020-9-10,56
1693,2020-9-20,242
1694,2020-10-21,146
1694,2021-4-13,113
1694,2020-7-8,38
1695,2021-6-2,247
1695,2021-9-25,141
1696,2020-5-16,133
1697,2021-2-3,131
1698,2021-5-17,160
1698,2021-1-11,187
1699,2020-7-8,207
1699,2020-8-3,238
1700,2021-12-13,194
1700,2020-1-16,196
1700,2020-11-6,28
1701,2021-11-13,206
1706,2020-2-21,235
1707,2020-1-5,240
1707,2020-9-19,174
1707,2020-1-9,145
1708,2020-9-13,42
1708,2020-10-11,49
1710,2021-10-7,235
1710,2021-9-12,136
1711,2020-7-19,226
1711,2020-11-15,151
1712,2021-6-26,11
1713,2021-9-7,119
1713,2020-2-14,116
1713,2021-4-8,116
1714,2020-7-6,184
1714,2020-4-1,227
1715,2020-5-15,163
1715,2020-5-5,20
1716,2020-8-24,10
1716,2020-11-12,76
1716,2021-3-2,144
1717,2021-8-18,51
1717,2021-12-7,231
1718,2020-7-4,155
1718,2021-11-12,217
1718,2020-6-18,98
1719,2021-5-9,180
1719,2021-12-25,226
1719,2020-8-27,60
1720,2021-3-27,18
1720,2021-1-17,16
1722,2021-7-18,194
1723,2020-12-28,112
1723,2021-6-16,43
1725,2021-5-21,37
1725,2020-5-27,112
1726,2021-8-27,157
1729,2020-7-10,139
1729,2020-8-21,219
1729,2021-10-10,55
1730,2021-6-6,86
1730,2020-1-13,60
1730,2021-10-10,168
1731,2021-12-17,225
1731,2020-6-8,159
1731,2020-9-18,219
1732,2020-9-8,230
1733,2020-1-4,96
1733,2020-8-28,233
1733,2020-9-22,197
1734,2021-9-10,143
1734,2021-10-25,74
1735,2020-1-27,138
1735,2021-12-12,128
1735,2021-9-1,150
1737,2020-3-8,127
1737,2020-11-6,52
1741,2020-1-28,36
1742,2020-3-11,62
1742,2020-1-9,32
1743,2021-12-5,224
1743,2020-3-23,146
1744,2021-1-18,177
1745,2021-9-10,193
1745,2021-8-21,119
1746,2021-7-6,86
1747,2020-1-11,9
1747,2020-12-8,96
1751,2020-4-22,109
1754,2020-3-28,28
1755,2021-12-2,249
1755,2021-11-21,215
1756,2021-5-15,22
1756,2021-4-5,241
1757,2021-6-17,22
1758,2020-1-8,180
1759,2020-6-9,50
1759,2020-9-21,98
1760,2021-12-11,246
1761,2021-3-4,172
1763,2021-10-14,152
1763,2020-7-27,187
1763,2021-4-21,32
1764,2021-7-3,154
1766,2021-2-19,172
1767,2020-9-8,95
1768,2021-5-24,186
1769,2021-4-11,150
1770,2021-12-1,214
1770,2020-1-27,169
1771,2020-7-4,196
1771,2020-6-25,24
1772,2020-9-28,115
1773,2021-12-16,124
1774,2020-12-4,244
1774,2021-7-27,148
1776,2021-4-18,117
1778,2020-8-18,211
1780,2021-8-19,28
1780,2020-10-23,154
1781,2020-7-9,124
1781,2021-6-14,172
1781,2021-1-25,55
1782,2020-5-7,224
1782,2021-10-16,129
1782,2020-4-7,101
1783,2020-1-4,237
1783,2021-9-2,181
1783,2020-8-10,98
1785,2021-5-14,62
1786,2021-4-13,208
1786,2020-6-14,45
1787,2020-1-22,169
1787,2020-4-7,158
1787,2020-4-5,53
1788,2020-4-21,71
1788,2021-5-1,58
1789,2020-1-25,64
1789,2020-10-3,55
1790,2020-7-8,231
1791,2020-10-9,46
1791,2020-3-18,197
1791,2021-9-19,183
1794,2020-2-28,87
1794,2020-6-8,239
1794,2021-6-14,96
1795,2021-8-24,240
1795,2020-6-17,48
1796,2021-1-26,214
1796,2020-11-4,11
1796,2020-7-12,109
1798,2021-2-26,215
1799,2020-12-5,61
1800,2020-5-2,79
1800,2020-1-24,55
1800,2021-5-1,76
1801,2020-6-19,99
1801,2021-3-20,221
1801,2020-1-21,157
1802,2020-3-10,128
1802,2021-10-13,229
1804,2020-6-15,61
1805,2021-3-21,81
1805,2021-2-14,114
1806,2020-7-10,153
1806,2021-8-21,65
1808,2020-2-5,77
1809,2021-1-19,111
1810,2020-6-1,25
1810,2020-3-10,60
1810,2020-4-4,137
1811,2020-8-10,235
1811,2020-3-24,116
1813,2021-12-22,95
1813,2021-6-13,136
1814,2020-11-9,179
1814,2021-5-2,173
1815,2020-4-7,238
1815,2020-8-22,63
1815,2021-4-4,238
1816,2021-2-20,58
1817,2020-12-19,205
1817,2021-8-21,94
1819,2021-2-24,110
1819,2021-12-12,209
1819,2020-11-7,23
1820,2020-6-23,17
1821,2020-11-4,84
1821,2020-9-13,244
1821,2021-2-23,129
1822,2021-9-7,6
1823,2021-3-12,190
1824,2020-8-6,222
1824,2020-7-8,168
1824,2020-6-4,206
1825,2020-7-21,97
1825,2020-10-7,21
1825,2020-12-27,227
1827,2021-8-19,179
1827,2021-3-8,190
1827,2020-6-26,178
1828,2020-7-24,103
1828,2020-11-18,131
1829,2020-12-7,231
1829,2021-5-21,211
1829,2021-7-17,31
1830,2020-5-23,49
1831,2021-10-14,244
1831,2020-3-25,76
1832,2021-4-23,146
1832,2020-4-24,189
1833,2020-1-8,151
1834,2021-2-9,116
1834,2021-2-25,94
1834,2021-1-14,192
1835,2021-6-2,72
1837,2020-4-28,86
1837,2021-1-17,66
1838,2020-5-19,132
1838,2021-9-18,63
1838,2020-12-16,7
1839,2020-12-16,204
1839,2021-9-17,12
1841,2021-1-26,75
1841,2020-7-13,189
1841,2021-5-21,118
1843,2020-2-14,141
1843,2021-1-3,235
1847,2021-1-8,91
1847,2021-10-20,173
1847,2020-3-14,14
1848,2021-10-4,151
1848,2020-8-28,16
1849,2021-6-2,250
1849,2021-6-4,176
1850,2021-1-11,188
1851,2020-4-23,136
1852,2021-6-6,6
1852,2020-9-5,77
1854,2020-9-17,45
1854,2020-2-15,67
1856,2020-7-23,188
1856,2021-1-12,113
1857,2020-2-5,88
1857,2020-8-9,35
1858,2020-7-14,104
1859,2021-8-5,45
1859,2020-7-26,25
1861,2021-2-23,60
1861,2021-1-26,18
1864,2021-3-5,105
1864,2021-9-2,91
1865,2020-11-23,191
1865,2021-3-28,85
1867,2020-7-22,15
1867,2021-11-18,206
1867,2020-9-13,108
1869,2021-4-12,139
1869,2020-2-4,146
1870,2021-5-14,242
1870,2021-10-13,160
1871,2020-9-25,60
1871,2020-9-14,106
1872,2020-12-1,127
1872,2021-12-20,144
1872,2021-7-1,50
1873,2021-12-20,90
1873,2021-6-5,180
1874,2021-8-28,119
1874,2020-11-21,95
1875,2020-1-9,197
1876,2021-8-12,197
1876,2021-12-9,227
1877,2020-11-3,48
1879,2021-2-1,193
1879,2021-9-21,44
1880,2020-8-21,142
1880,2021-8-26,37
1880,2020-11-12,160
1881,2021-9-27,248
1884,2020-6-11,65
1884,2021-4-1,98
1884,2021-12-12,46
1886,2020-2-25,111
1886,2021-11-11,237
1886,2021-8-1,119
1889,2021-5-20,91
1889,2020-12-8,103
1889,2020-6-4,97
1892,2021-9-1,135
1893,2021-6-18,226
1893,2020-5-24,62
1894,2020-11-23,22
1895,2021-12-27,238
1897,2020-4-19,28
1897,2020-5-27,199
1897,2020-8-15,93
1898,2021-8-25,71
1898,2020-1-7,80
1899,2021-3-11,58
1899,2020-11-2,74
1899,2021-2-11,104
1900,2020-2-5,197
1900,2021-3-2,170
1900,2021-2-1,169
1901,2020-9-21,229
1901,2020-10-4,57
1901,2021-11-22,123
1902,2021-6-7,165
1902,2021-5-28,167
1903,2021-3-16,150
1903,2020-8-4,34
1903,2021-12-9,206
1904,2021-4-26,82
1904,2021-9-11,244
1904,2020-2-27,27
1905,2021-7-22,52
1905,2020-11-1,212
1907,2021-5-17,58
1908,2020-10-5,108
1908,2021-1-24,164
1909,2020-2-7,161
1909,2020-12-27,93
1911,2020-6-10,52
1911,2020-1-2,106
1912,2021-11-17,223
1912,2020-8-24,107
1914,2021-9-25,20
1914,2021-11-3,140
1914,2021-4-9,153
1915,2020-5-12,219
1917,2021-3-11,96
1917,2021-9-10,240
1917,2021-1-9,206
1919,2020-2-13,241
1921,2021-7-12,43
1922,2020-3-28,5
1923,2021-2-24,163
1924,2020-7-9,97
1926,2020-2-11,175
1926,2021-1-12,180
1926,2021-6-10,45
1928,2020-10-5,201
1928,2020-6-21,202
1929,2020-6-6,149
1930,2020-2-9,134
1930,2021-4-15,156
1930,2021-12-27,195
1931,2020-5-7,144
1931,2021-2-13,116
1932,2020-11-26,101
1932,2020-4-22,24
1932,2020-8-15,199
1934,2020-11-8,218
1937,2021-5-28,230
1937,2020-6-28,91
1938,2020-11-7,147
1939,2020-1-20,229
1939,2020-8-28,148
1940,2021-4-17,224
1941,2021-3-20,189
1944,2021-5-2,111
1944,2021-11-2,137
1947,2020-10-24,230
1947,2020-3-3,48
1947,2020-8-28,81
1948,2021-11-28,157
1948,2020-2-21,7
1948,2020-2-15,164
1951,2020-7-24,216
1951,2020-3-13,189
1952,2021-9-11,232
1952,2021-12-10,96
1952,2021-3-17,152
1953,2021-2-2,151
1954,2020-7-7,242
1955,2020-6-28,238
1955,2020-11-21,162
1955,2020-8-16,69
1957,2021-2-3,197
1957,2021-3-24,245
1957,2020-11-24,11
1958,2021-2-10,158
1958,2020-8-21,84
1960,2021-5-1,31
1960,2021-4-26,208
1962,2020-2-22,193
1965,2021-11-1,217
1965,2020-2-19,56
1966,2020-3-9,127
1966,2020-2-2,60
1966,2020-5-21,235
1969,2020-10-15,155
1971,2021-5-25,159
1971,2021-9-25,11
1971,2021-12-24,165
1973,2021-6-22,82
1973,2020-8-5,240
1974,2021-9-7,82
1975,2020-9-9,204
1976,2020-9-16,23
1976,2021-11-23,207
1976,2020-9-3,20
1978,2021-9-21,106
1978,2020-12-23,175
1978,2020-11-23,179
1979,2021-7-3,209
1979,2021-11-4,67
1979,2020-10-11,28
1980,2020-6-21,36
1980,2020-2-18,86
1980,2020-9-28,210
1982,2021-8-8,83
1982,2021-10-13,174
1983,2020-6-18,198
1983,2021-8-16,115
1985,2020-9-23,34
1987,2020-9-26,172
1987,2020-1-8,66
1987,2020-10-4,103
1989,2021-7-20,248
1989,2020-7-17,234
1989,2021-9-3,222
1990,2021-12-7,155
1990,2020-1-15,52
1990,2021-4-10,189
1991,2020-7-8,211
1991,2020-9-12,239
1991,2020-10-24,245
1992,2020-11-3,140
1993,2021-4-22,28
1993,2021-4-2,17
1996,2021-3-3,68
1996,2020-9-26,244
1997,2021-5-26,169
1998,2020-8-11,49
1999,2021-2-5,102
1999,2020-1-28,15
2000,2021-7-2,250
2000,2020-4-16,51
2001,2021-1-6,6
2002,2021-8-18,120
2002,2021-2-9,183
2002,2021-12-16,36
2003,2020-5-7,17
2003,2020-3-27,83
2004,2021-12-12,137
2004,2020-6-12,209
2004,2020-3-20,121
2005,2021-4-7,82
2006,2020-2-13,128
2006,2021-11-11,203
2006,2020-6-16,100
2008,2020-11-11,200
2008,2020-10-4,44
2009,2020-5-5,248
2009,2021-5-7,19
2010,2021-2-19,172
2010,2020-7-10,201
2010,2021-8-3,197
2011,2020-5-6,71
2011,2021-12-5,132
2012,2020-3-9,35
2012,2020-1-7,163
2012,2020-12-7,125
2013,2021-5-2,236
2013,2020-10-28,136
2014,2021-5-1,123
2014,2020-5-6,82
2015,2021-1-18,231
2015,2021-4-19,207
2015,2021-6-5,143
2016,2020-12-27,247
2016,2020-2-16,78
2016,2020-8-1,46
2018,2020-9-1,99
2018,2021-9-19,193
2020,2021-12-7,168
2020,2020-6-1,79
2020,2021-10-12,5
2021,2021-6-3,26
2022,2021-8-7,155
2024,2020-12-6,26
2026,2021-12-15,239
2026,2021-9-18,190
2026,2021-11-23,11
2027,2020-10-4,197
2027,2020-6-20,124
2028,2020-1-1,175
2028,2020-4-17,121
2029,2021-2-1,50
2029,2021-4-24,122
2031,2021-6-17,158
2031,2020-2-7,132
2031,2020-6-23,6
2032,2020-12-1,123
2033,2021-11-10,231
2033,2020-5-14,66
2034,2020-9-6,177
2034,2020-8-7,159
2034,2020-3-10,132
2035,2020-5-3,108
2036,2020-4-14,229
2036,2020-3-15,52
2039,2020-8-1,156
2040,2020-11-24,9
2041,2021-9-22,243
2041,2021-10-6,248
2042,2020-4-2,127
2042,2021-4-20,63
2043,2021-1-15,25
2043,2020-3-16,156
2043,2021-10-1,7
2048,2020-8-2,163
2048,2020-4-11,147
2049,2021-3-19,48
2049,2021-10-2,75
2049,2021-9-1,36
2050,2020-7-12,130
2050,2021-10-21,215
2050,2020-11-21,90
2051,2020-12-19,118
2051,2021-7-16,137
2051,2021-5-6,106
2052,2021-5-6,126
2052,2021-11-27,242
2052,2020-9-23,54
2053,2021-2-14,241
2053,2021-3-19,107
2053,2020-11-19,200
2054,2020-6-20,115
2054,2020-3-9,190
2054,2020-1-6,218
2056,2021-2-14,128
2056,2021-12-11,250
2057,2020-7-10,242
2059,2020-2-23,152
2059,2021-2-24,38
2060,2020-4-3,138
2060,2020-11-26,21
2060,2021-5-27,6
2061,2020-9-17,204
2061,2021-7-27,231
2061,2021-2-4,238
2062,2020-6-5,161
2063,2021-5-21,166
2063,2021-9-8,114
2067,2020-9-14,12
2070,2020-9-5,188
2070,2021-9-15,191
2070,2021-6-25,179
2071,2020-6-4,65
2071,2021-1-21,55
2072,2021-4-10,40
2072,2021-12-28,67
2074,2021-7-26,47
2074,2021-6-22,201
2074,2021-5-6,243
2075,2020-10-12,245
2075,2021-3-14,39
2075,2020-6-22,189
2077,2020-6-15,5
2077,2021-5-4,92
2077,2020-6-13,222
2078,2021-7-13,201
2080,2021-6-26,233
2080,2020-5-24,119
2081,2021-11-17,10
2081,2020-2-14,130
2082,2020-2-22,178
2083,2021-9-27,78
2083,2021-2-18,132
2084,2020-1-13,148
2085,2020-8-21,217
2085,2020-8-9,58
2086,2021-11-9,13
2087,2021-1-6,197
2087,2020-12-18,193
2087,2021-7-13,122
2088,2020-7-1,57
2090,2021-6-12,145
2090,2021-11-17,153
2091,2020-2-1,104
2091,2021-8-21,81
2091,2021-4-22,142
2092,2020-9-19,74
2092,2021-11-11,91
2092,2020-9-25,88
2093,2021-11-8,176
2093,2020-9-13,150
2094,2021-3-18,29
2094,2021-2-8,141
2095,2021-1-20,209
2096,2021-4-1,149
2097,2021-3-17,80
2097,2020-7-28,82
2097,2021-1-28,35
2098,2020-10-27,169
2098,2020-3-5,207
2099,2020-9-18,77
2099,2021-10-18,101
2099,2020-2-26,168
2100,2021-5-12,219
2100,2020-8-13,20
2100,2021-10-21,187
2101,2021-3-11,67
2103,2020-12-6,186
2104,2021-7-27,130
2105,2020-4-5,70
2105,2021-2-4,171
2106,2020-2-11,105
2107,2021-3-14,151
2107,2021-4-7,139
2108,2021-6-28,233
2108,2021-11-7,89
2109,2021-6-12,8
2110,2021-1-8,213
2110,2021-5-27,20
2111,2021-4-10,138
2111,2020-1-10,65
2111,2020-5-13,95
2112,2021-9-20,113
2112,2020-12-7,35
2112,2021-7-6,217
2113,2021-8-27,137
2115,2020-9-23,178
2115,2020-1-9,45
2116,2021-6-1,65
2116,2020-10-25,43
2117,2021-4-7,141
2118,2021-5-17,112
2119,2021-1-1,70
2119,2021-9-23,97
2119,2021-1-16,133
2120,2020-6-12,17
2121,2020-8-3,172
2123,2020-8-8,112
2123,2020-6-14,203
2124,2021-7-10,159
2126,2021-10-21,61
2126,2020-9-1,96
2126,2021-12-9,198
2127,2021-4-3,190
2129,2021-1-23,102
2131,2020-10-17,155
2131,2021-8-6,112
2133,2021-1-2,29
2133,2020-7-11,21
2133,2021-9-2,115
2134,2021-10-10,241
2134,2021-1-20,232
2135,2021-9-28,24
2135,2021-5-24,48
2135,2020-8-19,19
2136,2020-8-20,228
2136,2021-9-17,108
2137,2020-1-20,206
2138,2020-4-14,137
2138,2021-4-25,134
2138,2020-9-26,205
2139,2021-7-27,124
2139,2020-8-1,75
2140,2021-11-11,111
2141,2020-5-9,228
2141,2020-6-16,211
2141,2021-9-18,226
2142,2020-7-7,242
2144,2020-7-23,164
2145,2020-12-9,237
2145,2021-2-25,42
2146,2020-11-12,98
2146,2021-11-21,114
2146,2020-5-14,131
2147,2020-6-19,120
2147,2020-4-7,41
2147,2021-4-26,109
2148,2021-11-8,162
2148,2020-11-19,208
2151,2021-3-23,190
2153,2020-7-5,52
2153,2021-12-11,147
2153,2020-1-12,28
2154,2020-3-14,11
2154,2021-10-20,209
2156,2020-2-21,73
2156,2021-11-5,40
2156,2020-9-4,29
2157,2020-9-6,68
2157,2020-5-4,121
2157,2020-8-27,245
2158,2020-7-3,129
2159,2020-3-8,58
2160,2021-3-7,28
2160,2020-12-18,157
2160,2021-3-6,98
2161,2020-7-12,185
2161,2020-12-26,62
2161,2021-12-4,100
2162,2021-7-25,233
2162,2021-8-4,156
2163,2020-7-3,32
2163,2020-7-19,242
2164,2021-7-19,198
2164,2020-12-19,11
2164,2021-6-1,242
2165,2020-11-23,158
2165,2020-1-12,65
2165,2021-7-23,29
2171,2021-6-3,127
2171,2021-7-22,42
2172,2020-6-22,71
2172,2021-4-1,87
2173,2020-8-22,249
2173,2020-9-3,174
2174,2021-4-10,155
2174,2021-4-20,206
2174,2021-4-9,13
2175,2021-2-15,239
2175,2020-1-2,180
2176,2021-7-21,30
2177,2020-11-4,239
2178,2020-3-9,118
2178,2021-8-12,41
2178,2020-4-3,142
2179,2021-9-6,87
2179,2021-11-16,191
2179,2020-10-27,99
2181,2021-6-25,61
2181,2020-7-26,230
2182,2020-3-7,50
2183,2021-3-6,150
2184,2021-6-5,101
2185,2020-8-9,111
2185,2020-9-27,33
2186,2020-7-21,37
2186,2021-9-9,11
2187,2020-2-9,168
2188,2020-9-21,90
2189,2020-11-28,210
2189,2020-10-23,135
2190,2021-12-26,55
2191,2020-11-18,150
2191,2021-1-19,201
2192,2020-9-27,134
2192,2020-8-16,119
2192,2021-9-24,86
2193,2020-11-18,127
2193,2020-11-8,181
2194,2021-7-1,69
2197,2021-10-17,217
2199,2021-3-12,93
