id_categorie,id_produit
15,20
18,135
5,95
15,36
3,27
8,55
1,84
2,55
1,135
5,63
13,59
19,101
16,97
18,186
1,137
17,127
12,13
9,99
17,182
11,106
13,10
18,79
13,185
3,12
15,45
12,92
6,14
10,110
16,80
9,16
4,169
15,29
3,171
8,128
12,9
5,193
8,113
9,163
13,186
4,142
14,14
13,122
2,42
10,170
19,76
19,171
1,123
4,174
10,69
2,116
2,167
1,131
9,189
9,67
9,47
1,34
2,19
16,137
13,189
2,152
18,130
5,74
5,45
18,104
18,147
6,61
18,31
4,182
15,3
13,148
18,175
11,67
10,195
3,149
7,105
7,8
2,156
14,185
18,59
10,146
2,41
6,120
15,115
14,62
3,45
8,98
12,74
2,190
6,98
6,17
9,2
17,38
6,122
2,181
19,196
5,70
15,56
15,183
6,116
5,19
6,155
16,153
9,156
12,161
4,87
10,161
1,146
12,160
9,144
2,48
1,69
18,6
2,43
13,183
1,132
17,15
19,31
11,33
5,20
19,133
16,149
19,181
7,145
4,18
2,172
5,160
11,119
17,64
6,75
2,67
9,94
12,98
19,189
19,4
14,160
12,120
12,131
15,79
14,128
13,190
12,22
17,85
2,8
16,82
16,42
3,76
16,53
19,42
11,194
7,115
7,20
14,149
13,51
18,69
4,116
8,150
19,164
3,164
11,50
14,69
7,126
10,150
3,85
6,179
19,9
16,59
19,156
1,71
4,188
11,199
14,121
5,101
6,82
1,169
10,188
7,53
2,127
13,156
4,14
10,116
11,188
7,90
17,67
15,93
4,24
18,66
12,57
13,65
12,60
12,36
3,22
12,179
11,102
7,102
4,195
18,95
15,154
16,7
18,26
10,42
15,117
17,76
1,177
8,142
6,175
18,2
4,27
16,163
12,122
12,135
11,181
1,47
16,1
18,43
7,74
10,49
8,86
10,59
8,75
19,15
18,4
13,170
15,24
17,110
9,79
5,62
5,14
14,92
4,198
1,64
1,92
18,90
5,56
5,108
12,44
4,112
16,129
17,148
3,53
6,66
2,95
17,189
18,80
5,97
12,79
14,93
11,103
9,138
1,164
14,131
17,81
3,129
14,98
15,43
16,46
15,173
9,60
11,49
14,109
18,107
12,7
5,60
6,143
6,100
11,1
1,12
15,164
8,35
8,24
8,65
10,57
2,27
5,139
5,180
14,188
19,82
2,115
15,54
1,196
13,62
16,172
8,63
12,199
7,56
8,4
12,25
19,11
12,23
12,156
18,51
7,40
10,190
18,121
2,147
7,193
13,66
16,101
3,103
10,95
6,108
12,125
12,140
15,108
3,83
8,169
10,75
17,62
14,77
18,89
15,151
13,130
4,141
9,167
13,28
19,69
19,79
7,104
5,2
16,195
1,8
13,77
9,3
12,69
18,23
13,85
9,121
8,109
7,46
18,168
18,159
8,41
3,7
11,189
3,14
7,71
15,5
5,89
8,48
15,13
17,25
17,19
2,4
16,106
10,47
12,102
15,85
7,28
19,165
5,37
1,80
12,11
19,17
16,142
9,4
3,133
9,116
16,22
15,39
10,16
10,35
17,197
15,67
12,71
3,17
8,192
6,148
11,89
3,123
4,7
13,42
2,158
6,37
17,87
11,98
6,21
19,138
8,189
18,184
15,61
17,128
6,161
3,47
1,188
14,44
8,178
15,130
10,64
14,72
3,174
18,7
6,54
11,146
18,180
14,189
5,131
19,183
18,68
7,174
19,14
2,22
4,107
1,175
9,80
14,141
2,50
4,199
6,194
9,89
10,101
7,58
18,156
15,180
5,18
1,93
6,103
11,120
19,40
12,3
1,2
6,62
19,151
12,52
4,173
17,165
10,155
14,161
1,185
7,96
19,34
10,149
4,89
3,63
3,16
4,113
12,119
14,15
13,18
5,185
3,112
4,39
10,2
14,51
5,53
7,120
1,148
6,164
3,92
8,185
18,188
7,121
11,127
11,110
17,100
2,173
9,5
14,175
12,42
3,107
3,4
13,114
13,20
1,150
8,97
6,152
5,15
12,29
2,118
2,30
5,93
12,168
1,100
5,42
15,38
9,179
18,146
7,78
18,29
8,99
9,39
2,76
12,196
6,74
3,188
7,99
11,65
16,174
19,185
8,164
7,118
6,77
16,25
1,28
12,58
8,17
14,113
2,185
14,100
12,124
2,53
1,166
10,126
5,154
13,195
9,33
5,124
6,149
16,115
18,151
1,53
2,113
1,42
11,147
13,13
11,133
10,58
7,12
19,116
12,153
2,99
7,94
11,186
19,136
11,191
8,117
15,181
8,84
18,12
6,135
16,126
1,180
17,28
15,74
13,96
16,91
18,24
6,90
6,23
17,10
10,94
2,109
15,163
7,150
10,44
4,103
2,21
14,138
15,146
18,138
15,198
16,198
16,99
1,186
1,76
9,17
3,41
16,65
1,114
10,18
18,170
19,125
12,72
14,85
15,137
14,35
10,136
6,158
17,116
3,125
11,195
4,123
13,26
10,139
13,132
19,91
19,10
9,30
17,3
1,187
6,84
15,152
13,31
11,126
10,53
15,90
18,137
15,142
15,153
19,153
3,131
5,84
3,70
14,48
2,84
3,161
1,63
4,159
18,148
1,190
9,32
6,81
7,148
4,196
6,140
9,73
2,6
2,81
17,129
1,139
16,180
18,150
4,135
9,40
6,177
14,163
1,54
3,147
18,38
4,161
14,74
15,127
14,125
19,149
6,92
18,116
1,33
7,122
15,150
1,140
12,147
17,171
10,177
2,123
8,59
7,10
7,185
5,194
7,151
15,28
14,199
19,90
13,34
3,119
2,117
16,167
2,54
9,58
4,115
18,76
2,87
1,95
9,132
6,15
9,77
16,131
11,29
15,102
10,137
19,3
1,122
12,93
9,161
18,157
6,131
19,16
16,184
7,146
7,160
10,108
19,119
18,155
18,119
11,112
9,155
18,9
3,124
11,16
10,40
7,31
16,194
6,70
6,26
1,78
19,70
9,199
8,120
4,59
6,146
17,145
2,169
5,173
9,83
12,20
18,182
4,36
1,117
3,194
19,126
11,54
16,17
2,119
8,33
9,12
2,193
15,159
2,32
6,136
8,107
13,131
9,120
14,178
11,140
10,46
4,80
14,133
13,46
14,61
4,88
8,108
15,186
6,178
11,164
11,178
1,183
19,150
3,134
19,6
18,97
9,87
3,122
18,75
18,58
7,92
11,79
6,31
12,180
18,52
12,164
15,1
6,4
9,111
11,6
16,112
13,159
17,104
3,154
11,75
9,84
9,137
15,189
19,23
19,161
12,157
9,122
17,147
3,195
3,183
13,68
5,144
8,181
12,59
17,52
7,183
3,146
14,118
5,141
2,139
9,107
4,130
7,164
15,64
2,180
6,25
15,71
11,121
3,1
1,96
12,46
6,89
12,121
15,10
13,44
15,114
19,180
5,176
14,19
11,26
14,179
13,106
17,72
19,20
3,59
3,137
13,135
4,128
9,96
1,83
18,160
5,13
13,64
11,173
11,153
7,147
14,97
16,98
13,5
8,93
19,25
15,147
19,172
4,56
5,43
1,6
19,84
14,58
17,123
4,186
8,135
12,2
15,59
9,53
18,96
18,136
1,61
6,111
13,54
4,55
2,16
3,60
5,146
10,191
4,78
1,156
7,136
9,110
2,183
9,26
19,147
13,129
5,107
6,195
15,166
14,10
7,177
18,60
17,51
7,143
7,97
6,68
2,191
19,121
7,176
6,93
8,175
10,22
7,23
4,154
11,143
10,164
16,182
12,47
1,110
11,111
19,39
10,185
9,49
15,14
11,60
2,2
4,86
5,111
5,129
6,172
13,166
14,159
3,48
19,144
9,74
2,198
3,74
12,182
5,114
14,126
26,296
20,341
29,346
28,344
25,399
26,362
28,284
25,303
22,220
22,294
24,257
23,360
21,361
22,391
29,349
23,306
23,350
29,262
29,329
28,275
27,362
24,351
24,217
25,387
23,367
20,336
24,353
20,260
25,307
26,325
29,219
28,379
30,350
21,250
24,345
27,396
23,227
24,230
24,211
28,345
25,341
27,200
28,363
30,372
21,394
23,248
20,394
30,325
26,226
28,235
23,223
29,211
30,396
27,207
27,217
30,362
23,308
22,350
30,382
26,397
28,318
21,245
21,383
25,265
23,391
21,220
25,355
30,208
23,259
26,370
29,275
20,284
24,376
21,337
26,264
24,322
22,210
22,279
22,398
25,366
23,393
29,307
20,390
27,241
22,278
26,292
25,318
29,344
20,339
20,246
20,266
26,391
24,297
20,283
27,288
21,280
21,307
25,323
26,396
26,238
21,326
20,204
26,242
22,215
24,331
27,388
28,305
30,278
26,240
29,279
27,306
20,366
27,202
26,320
27,269
20,211
20,275
20,301
25,231
26,285
26,207
23,370
22,200
30,321
28,256
28,399
29,212
29,271
24,396
27,265
21,264
22,292
23,238
24,247
25,298
29,368
23,201
26,258
25,215
20,282
27,270
24,303
30,384
25,370
21,292
28,334
29,245
26,228
28,245
24,306
23,354
27,382
24,333
25,348
27,248
20,300
26,278
28,307
20,212
29,293
24,228
30,366
29,290
25,211
22,333
30,371
23,389
29,316
29,376
28,281
20,272
24,318
27,204
21,201
26,277
25,329
30,300
30,400
26,284
28,215
27,344
20,222
22,219
30,260
21,300
29,234
27,211
26,282
28,389
29,342
28,206
30,343
25,240
27,302
26,262
26,213
26,283
23,368
30,230
20,369
30,225
24,377
23,376
25,273
24,381
27,296
29,228
28,375
25,378
23,258
30,235
25,229
30,295
29,364
22,382
28,315
29,226
20,355
23,262
30,205
29,206
24,310
22,222
22,202
21,291
29,389
30,297
26,244
28,326
29,318
26,288
29,324
21,272
27,205
28,301
25,305
24,371
22,275
23,349
23,383
21,271
25,290
23,385
21,319
21,286
27,210
30,348
22,325
27,368
21,263
29,235
29,360
26,279
30,341
20,210
27,232
27,209
28,237
29,266
27,363
28,236
21,310
21,266
28,337
27,260
29,308
20,297
22,371
27,332
27,243
21,302
25,244
23,272
28,311
25,225
30,373
21,243
24,203
21,227
28,276
28,244
29,300
29,392
20,253
27,314
27,376
21,400
22,257
20,226
26,219
22,261
23,265
21,295
20,373
25,259
26,274
30,292
20,229
25,230
20,399
28,314
25,216
22,379
22,214
30,268
28,359
30,238
23,210
24,330
23,338
28,283
24,379
24,273
21,358
20,220
25,243
28,386
30,397
21,242
23,270
29,321
29,215
25,356
25,258
23,301
21,381
26,233
23,211
30,275
24,293
20,287
25,314
21,216
25,400
23,352
27,375
26,368
20,219
22,357
25,221
23,224
24,305
21,366
20,202
23,353
26,227
30,353
21,389
28,333
30,303
22,304
25,255
21,219
21,289
26,201
29,265
26,302
28,346
27,259
29,287
24,316
24,354
22,354
24,229
25,214
23,361
24,276
21,251
28,242
27,298
26,270
30,277
21,268
20,333
26,344
28,348
28,370
23,345
27,203
29,246
23,274
24,250
26,346
30,301
27,328
20,251
20,383
27,324
29,267
26,294
20,398
20,224
27,321
27,282
26,307
22,303
29,312
27,226
29,338
25,313
30,391
24,383
27,279
21,398
29,309
25,340
29,395
20,349
26,374
24,255
27,219
28,374
27,378
24,400
24,274
21,247
20,376
20,249
20,331
25,234
26,393
22,217
20,319
27,329
24,332
23,344
23,253
29,379
27,242
22,233
30,349
21,270
26,381
28,297
24,212
23,287
23,221
26,298
26,212
27,218
23,206
25,200
22,224
29,299
24,248
30,363
20,225
25,282
26,398
24,380
31,415
31,471
34,411
31,496
32,499
33,456
31,432
32,430
33,415
34,449
33,407
31,482
34,463
33,403
31,410
34,474
31,450
33,463
34,458
31,424
33,437
33,497
32,410
32,487
35,458
34,442
33,459
32,455
31,477
33,496
31,445
32,459
34,402
34,473
33,490
35,408
34,407
31,417
35,469
32,472
33,455
33,416
35,448
35,430
32,486
31,408
32,448
34,491
32,477
34,409
35,464
32,431
35,436
32,475
35,451
34,498
35,488
31,437
34,451
33,453
35,479
31,425
35,461
31,455
34,456
34,439
34,495
34,427
32,406
34,441
31,489
32,404
32,439
35,421
32,471
35,483
35,413
34,481
35,472
35,418
33,460
33,484
33,475
31,423
34,477
31,434
35,437
34,476
33,468
33,435
34,431
34,433
33,410
33,454
34,437
35,429
35,475
33,478
34,468
34,496
34,488
33,431
31,487
35,481
31,472
33,436
32,452
35,491
33,466
32,401
35,407
34,425
32,427
31,473
32,460
32,479
35,434
34,418
31,467
34,464
31,403
34,499
31,447
34,410
31,413
31,412
34,486
32,403
35,424
33,424
31,436
31,464
34,480
33,420
33,405
35,402
33,462
31,499
35,404
32,446
34,432
32,495
33,422
32,461
34,459
32,426
35,425
31,456
32,436
32,434
34,443
33,402
34,490
32,489
31,428
32,488
32,407
31,457
33,444
31,431
31,420
34,413
34,445
31,451
34,494
31,498
34,492
33,417
31,446
34,446
31,463
35,435
31,460
31,443
33,493
33,421
35,489
31,426
34,404
31,483
33,489
33,442
34,408
32,408
32,456
31,406
35,493
34,440
31,444
34,467
32,481
32,470
31,476
33,481
31,466
31,470
35,460
35,426
33,451
32,414
31,442
32,442
33,423
33,418
31,486
33,457
32,441
32,413
35,438
34,485
32,465
32,491
35,459
32,449
31,421
33,495
34,466
35,473
32,422
35,415
34,484
31,402
31,430
32,466
31,492
33,409
32,490
35,494
34,420
31,484
35,427
33,412
31,478
31,405
32,453
34,426
31,422
31,491
31,409
33,479
32,451
31,401
35,465
32,440
35,441
35,471
31,438
35,480
33,419
35,444
32,429
33,449
33,498
34,453
32,447
34,415
32,496
33,408
35,403
33,491
33,429
34,487
33,432
35,457
31,411
32,494
34,421
34,478
34,424
31,468
31,427
33,485
34,447
35,450
33,427
31,465
32,409
35,420
34,455
35,496
31,433
34,416
33,464
35,440
31,459
31,488
33,500
32,437
35,462
32,468
35,485
33,438
32,483
33,470
31,500
33,439
35,468
31,439
35,454
35,419
31,461
34,444
34,434
33,413
34,465
34,435
31,449
35,453
35,442
34,430
35,423
32,450
36,545
36,507
40,519
40,503
38,676
36,563
36,681
39,522
39,618
39,687
37,602
40,516
38,569
36,543
36,619
38,586
39,503
36,608
39,607
36,673
39,560
40,690
40,563
38,516
37,579
38,699
38,501
40,604
38,515
37,669
40,545
40,575
39,657
38,518
39,642
38,665
38,593
36,553
39,507
37,540
39,683
39,596
40,698
37,678
37,517
40,639
36,577
40,576
39,576
39,650
40,655
40,645
38,528
36,556
37,625
38,599
38,639
38,681
38,661
39,645
39,667
36,529
39,536
36,585
37,693
38,692
40,653
37,597
37,673
38,545
37,599
38,648
39,634
38,513
36,519
39,549
36,569
39,611
40,557
38,670
39,561
40,623
40,640
39,626
40,588
38,526
40,532
38,610
39,589
40,531
39,696
40,621
36,647
38,678
39,612
36,550
40,644
36,636
39,590
37,623
40,530
39,614
39,646
40,606
38,538
36,645
37,520
36,644
38,536
40,526
38,642
37,667
39,639
39,604
36,549
40,540
38,500
40,642
36,598
39,600
38,564
36,581
38,606
40,671
40,570
39,661
37,546
39,633
38,531
40,685
40,528
40,672
36,604
37,583
40,602
38,683
38,558
37,508
39,586
37,575
39,664
39,557
39,523
39,555
36,646
37,627
38,632
38,653
38,548
37,577
36,527
39,636
40,628
39,671
40,659
37,641
36,691
37,525
40,647
36,566
38,635
36,693
40,675
39,606
39,653
38,603
40,507
36,601
40,546
39,637
38,504
36,607
40,682
36,537
37,680
36,567
37,516
38,570
40,510
39,597
39,610
39,500
39,621
39,516
38,680
37,636
38,544
36,605
39,669
36,664
37,621
40,522
38,686
38,594
37,616
36,594
39,608
40,650
37,683
38,616
36,660
37,563
40,662
40,544
38,657
40,589
38,550
38,585
38,512
36,541
37,659
40,607
38,636
38,611
38,614
39,673
40,577
38,612
37,587
40,506
36,528
39,640
39,678
37,568
39,569
36,591
37,554
40,541
37,642
36,675
40,616
39,525
40,651
37,502
39,566
40,626
37,509
40,654
37,544
40,658
37,558
36,616
37,615
37,553
36,624
38,549
39,690
40,667
38,625
40,614
39,554
38,654
40,539
38,565
37,501
37,571
39,647
37,682
39,502
40,568
38,627
36,551
39,686
36,587
40,611
37,644
36,560
39,688
37,512
40,697
40,558
37,557
39,574
39,537
40,547
40,537
36,696
36,589
37,574
40,564
37,572
37,699
37,698
36,555
38,591
36,620
39,668
37,588
37,535
39,628
37,606
39,541
38,505
40,581
36,639
37,654
40,579
36,565
39,509
39,571
38,566
38,522
37,640
38,640
39,532
36,617
39,517
38,534
39,564
39,543
38,575
38,560
40,520
40,678
39,663
36,683
39,547
39,524
39,676
37,637
36,600
37,576
40,643
37,584
37,567
38,595
36,623
40,551
36,515
40,593
37,658
38,677
36,606
39,651
36,530
37,646
39,627
40,567
39,526
39,644
38,521
38,551
37,685
38,675
39,689
39,620
37,513
38,582
39,588
40,580
40,508
39,511
36,657
39,501
36,583
36,671
38,507
38,615
39,582
38,662
37,634
39,674
38,537
37,594
37,537
40,590
40,615
37,695
39,677
38,510
40,536
39,656
39,550
38,690
38,688
40,562
36,632
40,586
40,691
36,642
37,657
37,545
36,662
40,648
36,520
38,590
38,673
50,784
46,894
42,757
41,711
44,703
44,864
43,871
44,731
47,848
50,875
47,770
42,734
44,799
47,872
48,892
47,795
44,872
43,796
48,853
47,798
48,731
45,894
50,802
41,794
43,805
44,847
47,739
41,874
49,777
49,728
44,717
43,879
41,712
48,809
42,899
42,850
48,822
48,844
47,847
42,873
45,859
50,876
50,849
48,837
46,725
42,795
50,717
49,717
41,804
48,701
41,709
50,880
48,849
41,763
46,766
50,798
42,840
46,702
49,868
44,894
48,761
41,826
47,753
49,781
49,845
41,828
49,831
46,849
47,897
42,728
45,781
50,830
42,826
41,848
48,700
48,730
47,767
41,880
48,759
43,706
49,719
42,721
43,814
46,721
47,704
49,735
46,717
44,800
47,700
42,880
49,881
47,861
43,877
48,894
41,751
48,751
45,723
48,841
47,878
48,851
42,889
46,872
46,814
47,876
49,890
47,823
42,736
48,872
47,893
50,864
43,744
48,827
43,789
44,700
48,879
45,713
43,711
43,896
41,834
50,884
50,860
41,840
42,845
45,776
41,855
47,715
42,817
46,800
46,860
46,844
43,808
50,848
45,759
45,895
42,869
49,853
46,787
43,733
42,898
46,828
45,898
44,732
42,831
45,761
49,773
49,873
47,741
42,737
47,713
49,760
50,895
41,773
48,824
46,752
49,894
44,753
43,782
41,718
41,705
43,834
41,882
46,832
49,762
48,747
47,744
45,870
47,733
47,828
41,815
46,826
44,891
47,775
42,892
46,794
42,744
46,791
43,708
48,882
49,704
49,817
45,726
48,848
50,764
50,785
48,814
45,815
43,884
49,801
44,831
47,728
49,884
45,744
49,848
50,711
44,854
48,735
44,822
45,807
46,772
41,779
48,723
50,887
49,716
46,879
44,839
41,729
47,846
50,821
45,824
43,874
42,854
44,760
46,850
42,769
46,882
45,833
44,820
48,749
50,862
41,789
43,853
48,739
47,843
49,856
46,857
44,775
45,863
47,783
47,880
47,748
41,892
43,828
42,793
43,740
43,738
50,831
47,807
50,782
47,875
50,894
43,878
44,858
45,796
49,809
48,770
41,730
45,733
49,863
46,707
50,721
43,799
48,813
45,855
46,779
45,809
47,801
49,797
49,815
49,709
45,849
47,769
47,810
49,803
43,794
43,772
44,745
48,716
48,729
46,802
47,763
48,818
42,774
44,879
41,838
44,795
41,871
50,814
47,806
46,833
47,789
49,877
48,774
46,893
41,781
49,707
50,853
43,781
45,803
46,770
49,788
42,838
44,736
45,788
42,730
43,737
45,772
42,719
45,757
50,845
44,818
47,885
42,810
45,729
46,805
48,898
44,877
50,783
42,753
42,811
44,786
44,896
50,800
45,852
48,832
46,875
48,736
49,758
45,899
48,707
49,743
49,747
44,811
49,731
45,737
46,785
41,822
50,722
46,892
50,707
45,854
48,890
42,839
49,753
49,874
44,788
43,780
50,823
45,806
48,834
50,739
49,882
48,816
50,763
43,883
43,857
46,797
50,772
41,813
46,761
44,882
49,897
48,797
45,843
41,858
50,863
47,869
47,868
45,795
49,729
44,797
49,889
45,877
50,872
47,866
47,701
44,868
48,897
49,713
48,783
47,779
42,863
47,755
48,734
45,842
46,810
47,852
46,804
45,783
42,773
49,774
43,791
42,805
48,740
49,820
49,711
46,714
44,850
42,782
42,832
45,700
50,803
49,896
42,866
50,768
41,844
46,812
42,882
46,712
48,732
50,796
46,827
42,772
42,764
47,745
42,886
41,796
41,755
48,878
41,899
48,839
43,720
50,828
43,760
41,831
44,830
45,780
47,734
44,836
50,724
41,879
41,824
45,805
46,765
44,773
42,897
41,799
42,755
49,776
43,843
49,706
44,855
47,729
47,709
46,777
41,891
46,834
44,816
42,714
47,785
46,811
44,792
41,816
49,721
44,765
53,900
71,901
62,902
71,903
53,904
63,905
69,906
54,907
55,908
58,909
58,910
62,911
69,912
68,913
65,914
62,915
54,916
57,917
67,918
68,919
59,920
61,921
71,922
58,923
68,924
52,925
63,926
54,927
65,928
51,929
59,930
56,931
62,932
70,933
55,934
56,935
54,936
65,937
69,938
71,939
59,940
63,941
70,942
59,943
58,944
55,945
63,946
71,947
51,948
57,949
62,950
55,951
63,952
51,953
61,954
52,955
66,956
63,957
55,958
59,959
66,960
59,961
62,962
55,963
68,964
54,965
51,966
70,967
63,968
67,969
65,970
64,971
62,972
61,973
53,974
58,975
55,976
56,977
60,978
66,979
67,980
64,981
51,982
58,983
61,984
64,985
66,986
59,987
57,988
54,989
60,990
63,991
54,992
57,993
61,994
67,995
53,996
52,997
59,998
61,999
60,1000
58,1001
62,1002
55,1003
64,1004
52,1005
61,1006
62,1007
67,1008
62,1009
65,1010
52,1011
67,1012
71,1013
55,1014
53,1015
58,1016
65,1017
56,1018
61,1019
59,1020
59,1021
52,1022
60,1023
52,1024
66,1025
56,1026
60,1027
51,1028
51,1029
54,1030
60,1031
52,1032
51,1033
68,1034
69,1035
67,1036
62,1037
67,1038
54,1039
68,1040
52,1041
66,1042
57,1043
56,1044
59,1045
71,1046
68,1047
54,1048
56,1049
52,1050
64,1051
69,1052
53,1053
70,1054
55,1055
69,1056
61,1057
68,1058
55,1059
59,1060
69,1061
60,1062
69,1063
63,1064
64,1065
58,1066
63,1067
64,1068
60,1069
64,1070
54,1071
60,1072
71,1073
60,1074
71,1075
57,1076
57,1077
56,1078
60,1079
58,1080
56,1081
59,1082
57,1083
71,1084
53,1085
55,1086
59,1087
70,1088
70,1089
62,1090
71,1091
70,1092
64,1093
59,1094
64,1095
68,1096
68,1097
57,1098
60,1099
52,1064
64,1000
55,982
61,1093
61,995
65,958
61,912
61,1050
53,944
54,993
52,933
63,1008
64,979
62,1000
52,986
53,957
64,1038
74,1189
78,1237
78,1126
74,1223
75,1230
78,1146
75,1122
73,1226
75,1226
72,1155
76,1207
72,1162
72,1114
75,1126
78,1246
77,1230
79,1247
78,1128
74,1193
78,1171
77,1173
74,1178
77,1165
75,1201
78,1132
79,1129
73,1200
76,1107
72,1125
78,1138
72,1145
78,1149
78,1225
74,1245
73,1160
77,1166
75,1203
73,1162
77,1134
77,1141
75,1188
78,1169
77,1182
75,1114
76,1213
79,1176
75,1233
72,1220
73,1175
79,1241
72,1195
76,1242
79,1177
73,1215
75,1220
78,1208
72,1149
77,1227
74,1101
76,1202
75,1133
79,1228
78,1110
76,1114
74,1168
79,1198
77,1110
74,1125
79,1181
78,1211
77,1103
78,1150
75,1109
72,1217
76,1108
75,1179
78,1111
78,1107
72,1131
74,1103
77,1107
73,1184
75,1205
76,1243
76,1229
79,1213
75,1198
74,1147
72,1100
78,1215
77,1241
74,1175
73,1196
77,1153
72,1112
77,1142
75,1112
78,1192
77,1211
78,1142
77,1194
77,1214
74,1192
77,1201
74,1163
76,1204
74,1144
76,1193
76,1198
74,1215
78,1115
72,1205
72,1228
72,1148
72,1163
77,1146
77,1102
75,1235
77,1246
79,1212
76,1237
72,1239
74,1247
74,1132
77,1118
73,1185
76,1180
79,1207
76,1238
77,1225
74,1242
72,1176
73,1153
78,1141
74,1126
72,1224
79,1187
76,1164
74,1129
78,1103
79,1111
77,1179
77,1210
72,1191
73,1121
72,1154
73,1217
78,1131
73,1163
78,1100
75,1100
79,1246
73,1218
77,1139
75,1210
79,1224
74,1237
73,1190
77,1203
72,1219
76,1134
73,1146
72,1121
74,1232
76,1210
78,1233
74,1143
73,1111
75,1236
72,1246
79,1166
78,1202
75,1128
78,1235
76,1137
72,1101
75,1151
77,1152
72,1181
72,1244
75,1221
74,1212
72,1132
79,1193
72,1110
75,1134
75,1139
72,1150
74,1177
78,1240
73,1156
79,1163
74,1181
72,1210
76,1120
76,1200
74,1211
75,1135
74,1108
78,1160
74,1214
72,1247
76,1119
78,1248
73,1106
79,1208
76,1155
74,1152
77,1169
74,1141
78,1119
75,1204
74,1156
73,1187
77,1237
74,1234
78,1180
73,1157
74,1217
73,1244
78,1222
77,1114
75,1237
77,1176
73,1181
79,1231
79,1210
74,1165
77,1121
78,1227
79,1161
76,1154
75,1177
76,1189
79,1173
74,1230
77,1204
79,1123
76,1235
78,1186
77,1105
78,1219
78,1218
76,1165
76,1214
75,1182
75,1150
77,1209
75,1137
74,1187
72,1238
79,1157
78,1201
73,1219
74,1209
76,1197
79,1148
78,1249
73,1241
72,1103
79,1179
74,1248
76,1208
78,1121
74,1176
74,1210
75,1239
77,1159
76,1195
73,1108
79,1220
77,1244
73,1204
73,1208
74,1139
79,1223
76,1174
79,1184
76,1194
78,1198
74,1226
78,1109
72,1243
76,1206
74,1198
72,1229
76,1148
79,1238
75,1119
73,1199
76,1103
75,1146
74,1240
75,1116
77,1136
74,1145
77,1226
75,1202
76,1182
79,1115
76,1239
79,1186
72,1242
78,1175
72,1182
78,1216
74,1160
75,1157
73,1235
74,1219
75,1209
76,1106
73,1228
74,1157
76,1167
76,1140
72,1201
72,1200
72,1124
79,1229
76,1184
79,1169
74,1206
73,1232
75,1195
72,1223
79,1107
78,1156
73,1107
72,1249
72,1134
72,1226
80,1351
81,1372
84,1288
82,1263
82,1324
83,1308
83,1359
82,1340
82,1314
83,1325
81,1342
84,1381
81,1312
81,1283
81,1360
83,1315
81,1258
80,1369
82,1372
84,1346
84,1305
81,1272
80,1383
80,1386
81,1315
83,1311
81,1298
81,1343
84,1382
83,1351
83,1266
82,1336
83,1362
82,1354
83,1299
81,1327
82,1318
81,1261
83,1341
84,1387
84,1314
80,1286
82,1385
81,1390
84,1320
84,1390
84,1347
84,1378
84,1399
80,1252
84,1285
81,1361
82,1388
82,1378
82,1301
80,1289
81,1351
81,1393
81,1278
83,1296
83,1385
84,1322
80,1343
82,1355
84,1278
82,1259
80,1311
80,1331
80,1315
84,1310
81,1269
80,1263
80,1268
84,1376
81,1340
84,1271
81,1267
83,1297
84,1388
84,1349
80,1303
83,1377
83,1256
83,1348
82,1307
83,1303
80,1319
84,1372
82,1282
83,1375
84,1352
83,1316
82,1277
82,1257
81,1355
82,1251
80,1352
83,1318
81,1381
84,1337
84,1344
83,1310
83,1313
83,1398
82,1267
83,1329
80,1296
81,1254
80,1283
84,1259
81,1392
82,1258
82,1278
84,1329
80,1284
82,1387
81,1295
84,1291
80,1371
81,1362
84,1323
82,1270
84,1362
82,1289
83,1384
83,1261
83,1367
81,1321
80,1279
83,1399
83,1317
80,1257
81,1318
84,1316
83,1371
83,1305
81,1373
80,1337
81,1286
84,1330
84,1293
80,1256
82,1374
82,1296
83,1270
81,1305
84,1299
82,1353
81,1377
84,1303
81,1356
82,1283
82,1337
83,1254
84,1357
83,1361
81,1313
84,1371
83,1255
81,1335
82,1399
80,1392
83,1336
80,1380
82,1344
80,1318
82,1305
80,1342
83,1345
80,1299
82,1294
82,1254
81,1341
81,1346
82,1335
81,1274
82,1323
82,1358
83,1298
80,1387
83,1314
84,1277
84,1255
81,1264
84,1312
80,1385
83,1330
81,1262
80,1357
81,1300
80,1306
83,1364
81,1353
80,1330
82,1300
80,1287
80,1377
83,1265
82,1368
83,1264
81,1375
80,1396
80,1338
83,1280
81,1299
80,1292
80,1399
84,1313
82,1334
82,1343
83,1390
84,1333
84,1364
80,1285
84,1385
84,1306
82,1396
81,1259
81,1311
84,1269
80,1373
83,1356
83,1320
80,1390
80,1277
82,1359
81,1251
84,1250
82,1394
83,1379
80,1344
80,1280
83,1343
81,1368
83,1285
80,1363
83,1397
84,1318
84,1304
82,1379
81,1279
84,1273
83,1365
84,1251
83,1340
84,1290
82,1364
81,1378
84,1379
84,1350
82,1291
83,1300
82,1382
83,1279
80,1305
80,1379
82,1255
80,1395
81,1391
82,1262
80,1253
81,1396
80,1293
81,1301
84,1276
84,1369
81,1331
81,1349
83,1386
80,1355
80,1274
83,1387
81,1330
81,1263
83,1263
80,1298
83,1360
84,1354
82,1349
81,1369
83,1368
80,1374
83,1344
83,1288
82,1370
82,1304
80,1332
84,1257
80,1291
80,1317
81,1358
83,1327
81,1374
84,1274
83,1267
80,1250
82,1331
84,1254
83,1346
80,1269
83,1395
81,1277
84,1363
84,1375
80,1266
86,1415
87,1455
87,1494
86,1495
88,1423
89,1414
88,1450
88,1456
87,1449
88,1482
87,1470
87,1425
87,1487
85,1442
88,1418
88,1470
87,1473
85,1403
87,1437
88,1484
89,1459
89,1428
87,1436
89,1406
86,1446
85,1466
88,1437
86,1496
86,1497
87,1427
88,1499
85,1434
88,1449
89,1409
85,1451
85,1438
87,1465
89,1441
89,1440
89,1438
89,1411
86,1411
87,1439
85,1424
85,1436
87,1489
88,1457
88,1490
85,1464
85,1477
87,1445
85,1489
87,1458
86,1454
88,1407
85,1402
89,1447
88,1400
86,1435
86,1410
89,1496
88,1467
87,1416
87,1482
87,1466
89,1482
88,1478
86,1401
85,1491
88,1475
87,1497
87,1400
85,1458
89,1480
85,1444
88,1435
88,1476
88,1471
89,1485
85,1409
86,1424
87,1421
88,1417
88,1439
85,1494
87,1478
85,1429
86,1444
86,1431
87,1452
87,1431
89,1408
89,1452
87,1454
86,1452
87,1485
89,1442
86,1438
87,1411
85,1404
89,1417
85,1470
88,1424
86,1447
86,1425
88,1497
88,1465
87,1415
86,1483
85,1418
86,1407
88,1419
87,1412
85,1441
85,1449
89,1492
86,1498
85,1433
87,1434
89,1476
89,1421
88,1414
88,1411
85,1407
85,1416
85,1413
89,1432
86,1494
87,1450
87,1475
85,1486
88,1430
85,1456
89,1424
85,1412
87,1459
88,1416
88,1480
87,1407
88,1498
85,1492
87,1499
87,1481
85,1485
89,1427
86,1456
88,1431
87,1428
88,1479
88,1438
86,1423
85,1457
86,1450
88,1415
89,1416
89,1434
89,1433
86,1437
86,1491
89,1418
86,1459
89,1458
85,1460
86,1473
86,1487
85,1430
89,1429
88,1448
86,1460
89,1499
89,1405
85,1431
87,1413
85,1497
89,1453
89,1407
86,1474
86,1443
86,1472
86,1422
89,1471
85,1490
89,1463
88,1444
85,1463
85,1454
88,1486
86,1408
89,1468
87,1496
85,1406
89,1470
87,1474
87,1433
85,1421
88,1405
86,1416
88,1413
89,1477
87,1409
87,1464
89,1443
85,1459
86,1439
89,1423
87,1498
88,1427
86,1405
87,1447
85,1437
88,1421
89,1465
87,1432
88,1409
89,1456
89,1412
89,1425
85,1428
89,1484
85,1411
86,1458
88,1460
88,1451
87,1495
87,1462
89,1404
85,1467
88,1402
87,1419
87,1461
87,1429
87,1401
85,1446
89,1474
88,1462
89,1464
86,1463
87,1420
85,1419
85,1420
86,1467
86,1476
88,1487
86,1480
86,1479
85,1414
87,1442
86,1464
89,1478
87,1477
89,1403
88,1436
88,1420
85,1479
88,1463
89,1475
89,1401
87,1414
89,1467
85,1481
87,1410
88,1466
86,1441
88,1404
87,1491
85,1484
85,1445
88,1443
87,1472
85,1426
88,1446
87,1492
87,1438
88,1492
89,1446
88,1473
87,1468
87,1467
88,1493
87,1479
93,1502
92,1531
90,1636
90,1583
90,1566
94,1517
93,1532
93,1645
94,1589
91,1607
90,1589
91,1608
90,1548
92,1601
92,1639
91,1549
91,1573
91,1616
93,1530
94,1580
92,1600
94,1632
94,1567
93,1566
91,1550
90,1544
92,1635
92,1552
92,1590
90,1537
92,1566
91,1522
91,1515
93,1529
91,1600
92,1502
94,1533
92,1520
91,1571
91,1602
93,1509
94,1551
94,1613
90,1526
92,1546
93,1539
93,1542
92,1530
94,1594
94,1588
94,1619
94,1640
92,1574
91,1556
90,1514
91,1590
92,1621
94,1629
94,1560
92,1537
93,1648
92,1511
91,1609
90,1618
93,1599
93,1575
94,1544
91,1502
90,1584
93,1565
93,1615
91,1535
94,1608
94,1542
91,1518
90,1533
91,1554
91,1516
91,1525
94,1527
90,1645
91,1539
90,1610
93,1577
92,1580
94,1609
90,1580
90,1501
91,1576
94,1543
90,1503
92,1620
91,1634
90,1590
90,1588
91,1622
91,1595
90,1532
93,1595
93,1518
94,1644
92,1527
93,1592
93,1511
90,1608
92,1570
93,1591
94,1561
90,1602
94,1516
92,1641
94,1538
91,1543
90,1506
91,1649
92,1522
94,1512
94,1587
93,1618
93,1555
92,1631
90,1616
91,1621
94,1506
93,1639
93,1638
92,1528
91,1647
93,1538
92,1519
94,1541
94,1605
90,1639
92,1624
90,1552
93,1545
91,1555
93,1548
90,1541
94,1513
91,1524
92,1536
93,1558
90,1553
92,1649
92,1583
90,1556
93,1574
90,1517
90,1623
90,1591
93,1608
93,1541
93,1601
92,1571
90,1644
90,1565
93,1560
90,1606
93,1517
90,1522
91,1559
91,1631
92,1576
94,1558
94,1618
92,1538
94,1578
93,1528
90,1577
90,1643
92,1613
90,1647
91,1508
91,1599
91,1592
93,1525
90,1612
90,1508
90,1516
93,1585
90,1525
91,1537
90,1540
90,1543
90,1627
92,1632
94,1519
92,1634
91,1565
90,1603
91,1558
91,1628
92,1561
92,1560
93,1573
93,1594
93,1584
93,1597
93,1559
90,1560
94,1593
94,1620
94,1625
93,1580
93,1578
94,1637
91,1564
90,1617
94,1554
94,1624
93,1632
91,1629
91,1630
93,1579
93,1556
90,1575
93,1604
93,1520
94,1514
93,1603
93,1544
92,1505
94,1634
91,1553
91,1639
90,1646
90,1507
91,1536
91,1506
91,1612
94,1539
90,1598
94,1598
93,1619
93,1636
90,1559
92,1575
91,1514
91,1519
92,1532
92,1554
93,1576
94,1530
90,1582
94,1631
90,1510
91,1643
91,1551
90,1614
92,1585
91,1584
92,1602
91,1560
94,1537
93,1549
93,1583
93,1596
92,1633
90,1530
94,1515
94,1511
91,1572
90,1613
90,1513
93,1626
91,1582
93,1593
91,1521
92,1509
91,1604
91,1513
91,1570
91,1542
94,1599
90,1558
92,1512
94,1524
92,1535
94,1601
92,1523
91,1541
90,1609
92,1529
92,1573
90,1611
90,1628
90,1545
90,1569
91,1503
93,1507
90,1638
92,1629
91,1648
94,1575
94,1503
91,1562
92,1619
94,1536
90,1539
94,1626
93,1582
91,1533
91,1523
91,1509
92,1559
90,1597
91,1615
94,1523
91,1540
90,1557
90,1572
93,1536
93,1627
93,1546
91,1620
94,1590
99,1839
97,1755
96,1825
95,1766
99,1654
98,1803
95,1693
99,1834
95,1826
103,1815
98,1746
97,1681
97,1749
95,1727
99,1715
101,1700
102,1669
95,1750
98,1712
100,1847
95,1827
98,1767
96,1746
101,1832
104,1758
97,1780
102,1664
97,1764
103,1687
100,1750
104,1697
104,1680
97,1735
101,1809
98,1701
97,1816
96,1672
99,1783
102,1812
99,1780
100,1754
97,1663
104,1736
104,1802
100,1818
95,1783
96,1653
97,1786
98,1793
101,1730
96,1837
99,1752
104,1804
101,1840
96,1817
98,1755
99,1792
97,1792
104,1741
104,1652
97,1723
96,1807
98,1732
96,1708
100,1675
101,1794
97,1650
104,1657
104,1798
101,1786
100,1843
100,1723
97,1725
97,1689
100,1709
101,1665
103,1820
96,1722
101,1712
95,1688
101,1659
102,1796
97,1805
103,1663
100,1679
101,1738
101,1719
101,1672
100,1814
95,1711
99,1813
98,1773
100,1722
99,1669
98,1709
99,1703
102,1715
98,1674
102,1680
100,1813
100,1693
99,1686
100,1756
102,1666
99,1776
104,1848
98,1824
104,1701
97,1716
104,1719
97,1753
102,1814
99,1719
104,1745
95,1697
99,1728
97,1671
96,1744
104,1700
97,1657
100,1676
104,1779
97,1754
96,1661
100,1752
99,1712
100,1669
103,1715
99,1779
98,1716
95,1777
97,1658
104,1681
98,1730
96,1845
100,1700
96,1826
103,1755
101,1783
99,1727
95,1686
98,1823
102,1789
96,1770
96,1765
96,1835
104,1813
99,1818
99,1656
101,1713
100,1832
101,1676
100,1822
96,1814
95,1776
98,1842
95,1714
99,1765
104,1801
95,1756
101,1810
98,1811
103,1784
102,1700
100,1766
97,1722
100,1730
95,1751
100,1697
101,1686
102,1692
101,1693
104,1788
99,1778
95,1675
98,1844
103,1830
104,1812
97,1781
95,1782
98,1728
95,1716
104,1671
97,1660
99,1731
101,1792
102,1803
100,1830
101,1692
100,1733
102,1834
103,1747
95,1768
102,1756
98,1840
97,1822
99,1768
102,1797
101,1679
97,1767
103,1799
97,1837
99,1824
99,1749
95,1698
101,1804
102,1755
104,1737
101,1664
104,1744
96,1726
95,1731
104,1803
102,1650
95,1668
101,1662
98,1817
99,1748
99,1725
98,1706
99,1821
102,1703
103,1725
100,1812
99,1831
98,1702
102,1769
95,1740
98,1751
104,1829
95,1730
98,1843
97,1691
98,1669
96,1766
103,1655
98,1680
101,1844
100,1746
95,1753
97,1738
97,1670
102,1742
95,1745
95,1809
104,1710
96,1791
102,1702
96,1724
102,1774
100,1724
98,1829
95,1770
99,1807
97,1652
95,1743
103,1677
104,1760
103,1709
101,1739
95,1662
102,1788
101,1752
98,1819
100,1764
104,1748
96,1844
101,1690
97,1798
103,1704
98,1727
99,1759
97,1747
95,1764
96,1729
101,1847
98,1653
103,1798
101,1749
96,1694
103,1759
95,1665
103,1716
97,1726
95,1844
98,1703
103,1705
99,1698
96,1802
97,1820
98,1752
104,1817
100,1673
97,1766
98,1672
103,1680
103,1718
95,1835
96,1712
97,1730
96,1821
102,1661
96,1654
103,1814
103,1753
103,1657
97,1819
95,1778
102,1825
102,1801
98,1825
103,1714
98,1741
103,1775
99,1814
97,1752
104,1698
100,1683
104,1767
100,1842
103,1762
96,1720
96,1829
104,1811
100,1727
97,1733
103,1825
101,1775
98,1666
102,1743
101,1798
101,1691
95,1798
97,1706
100,1711
97,1842
103,1697
102,1738
95,1723
99,1677
101,1666
102,1777
96,1709
96,1667
98,1725
99,1664
95,1732
97,1831
96,1719
101,1682
95,1757
97,1814
95,1659
101,1658
97,1802
98,1723
103,1745
99,1826
103,1777
100,1839
97,1668
97,1727
99,1683
104,1773
98,1689
99,1692
103,1732
100,1737
106,1859
106,1895
105,1872
105,1879
107,1863
107,1858
109,1899
107,1899
109,1893
105,1880
109,1863
109,1860
109,1871
108,1880
105,1867
105,1876
108,1891
106,1852
106,1882
106,1888
109,1872
106,1854
109,1889
106,1898
107,1867
109,1862
106,1871
107,1898
106,1879
105,1858
105,1852
105,1881
109,1866
109,1898
109,1876
109,1865
109,1895
105,1861
108,1895
105,1891
108,1852
108,1890
106,1877
106,1865
105,1854
107,1868
107,1877
107,1885
106,1880
109,1857
105,1863
105,1896
108,1860
106,1875
109,1885
109,1851
109,1884
105,1866
108,1875
109,1853
105,1886
107,1872
109,1877
109,1859
106,1891
108,1861
108,1865
107,1862
105,1874
106,1873
108,1868
108,1854
105,1860
107,1854
106,1878
106,1853
108,1893
106,1864
107,1873
108,1851
109,1855
107,1889
108,1887
107,1850
105,1890
108,1867
105,1850
105,1873
109,1886
106,1851
107,1851
106,1874
109,1883
108,1879
106,1889
106,1883
107,1888
105,1893
109,1894
108,1897
107,1886
106,1881
105,1855
107,1861
106,1886
108,1853
107,1864
106,1868
109,1873
109,1874
108,1859
108,1855
108,1878
105,1888
108,1884
107,1856
109,1869
105,1894
106,1869
107,1894
109,1861
105,1870
109,1870
109,1891
109,1852
108,1871
107,1875
109,1854
106,1872
107,1883
106,1890
106,1887
106,1850
107,1876
108,1899
105,1877
108,1882
105,1895
106,1885
105,1869
107,1897
106,1862
105,1897
105,1875
109,1850
108,1874
107,1866
107,1860
105,1862
109,1875
109,1882
105,1871
105,1892
107,1852
108,1885
108,1888
105,1868
109,1879
108,1858
109,1890
108,1863
109,1864
107,1874
107,1884
107,1857
109,1887
109,1856
107,1855
106,1892
105,1887
106,1899
108,1869
108,1877
109,1867
106,1884
106,1855
109,1868
108,1894
108,1850
108,1873
106,1893
105,1883
106,1857
107,1890
107,1871
107,1882
107,1893
106,1863
108,1866
108,1870
105,1856
106,1870
107,1878
109,1880
108,1872
106,1896
107,1865
105,1857
113,1977
113,1936
110,1959
112,1943
111,1940
110,1948
113,1971
113,1924
111,1974
112,1924
110,1936
112,1944
111,1902
114,1988
112,1921
112,1965
110,1922
114,1915
112,1905
110,1991
112,1923
114,1927
112,1903
112,1907
112,1991
110,1986
110,1932
111,1975
112,1974
113,1926
114,1921
114,1913
110,1984
110,1966
111,1956
113,1996
110,1902
110,1958
113,1999
111,1909
111,1969
110,1971
114,1919
114,1973
113,1979
111,1932
110,1912
114,1918
112,1925
111,1955
113,1959
111,1908
114,1925
111,1951
111,1987
110,1967
112,1987
113,1928
110,1943
110,1931
110,1981
113,1949
114,1933
114,1932
110,1951
110,1908
111,1915
110,1969
113,1921
113,1993
110,1965
110,1935
114,1909
113,1939
113,1915
114,1961
110,1954
113,1958
111,1945
111,1929
112,1970
111,1934
110,1953
114,1978
114,1940
112,1938
112,1911
110,1990
114,1917
112,1912
111,1972
111,1979
113,1942
110,1987
113,1972
110,1992
110,1946
110,1960
113,1954
113,1916
113,1956
111,1911
114,1937
114,1996
111,1916
112,1902
112,1914
111,1905
113,1911
110,1909
110,1903
113,1948
113,1910
114,1949
111,1924
112,1998
113,1918
112,1904
110,1929
113,1907
110,1947
113,1933
112,1990
113,1998
112,1947
113,1987
114,1971
111,1992
111,1931
114,1999
113,1912
114,1972
110,1913
110,1901
112,1957
112,1968
114,1947
110,1919
114,1998
111,1976
112,1953
111,1962
113,1983
111,1977
112,1937
114,1990
114,1997
112,1909
112,1929
110,1963
113,1997
111,1914
114,1960
111,1961
114,1910
110,1906
113,1962
110,1933
111,1952
114,1955
112,1936
112,1906
113,1927
110,1949
111,1927
113,1969
113,1932
111,1967
112,1931
112,1922
114,1901
113,1982
114,1977
112,1940
110,1945
113,1901
113,1966
111,1997
111,1964
114,1904
111,1935
110,1925
111,1907
113,1908
114,1974
112,1933
113,1922
112,1934
114,1924
114,1986
112,1901
112,1920
113,1906
110,1994
112,1916
111,1920
114,1975
114,1906
114,1934
113,1951
114,1920
112,1919
111,1982
111,1947
114,1985
110,1924
110,1918
113,1967
110,1937
110,1982
113,1938
114,1956
110,1920
112,1926
113,1903
110,1938
111,1958
111,1948
110,1928
112,1950
111,1903
110,1978
114,1995
114,1969
114,1984
113,1919
112,1994
112,1908
112,1966
113,1944
110,1985
110,1955
110,1927
113,1968
114,1966
114,1957
113,1941
113,1917
114,1970
112,1964
113,1960
114,1965
114,1936
113,1965
111,1913
113,1923
114,1942
110,1983
114,1987
111,1942
112,1946
112,1992
112,1985
110,1995
114,1981
113,1929
113,1994
112,1955
111,1933
112,1954
113,1946
111,1946
114,1983
112,1993
112,1988
111,1928
110,1975
118,1326
117,2039
118,1462
117,1968
117,1144
119,1443
116,1385
115,1445
119,1612
118,2185
115,1313
118,1347
119,1302
118,1568
117,2102
117,2172
116,2057
118,1722
118,1614
118,1761
119,1191
118,1975
118,1990
116,1110
115,1962
119,1179
119,1151
115,1894
117,1270
118,1384
115,1971
116,1699
118,1830
115,2066
117,1805
118,1476
117,1247
119,1918
117,1820
117,2142
117,2071
118,1534
117,1252
117,1383
117,1202
115,1723
117,1281
116,1819
117,2173
116,1142
117,1972
119,1304
117,2114
119,2123
115,2122
115,1728
115,2185
115,1745
117,1549
116,1105
115,1261
118,2076
115,1488
115,1306
119,2148
118,1907
115,2046
117,1673
118,1376
118,2180
117,1223
117,1712
117,1738
119,1134
119,1872
117,1840
117,1939
119,1171
117,2035
118,1685
115,1286
118,1621
115,1719
117,2060
119,1897
118,1280
118,1507
118,1873
116,2155
119,1990
119,1548
117,1945
116,2154
118,1558
117,1498
117,1699
118,1619
116,2187
115,1836
116,1568
117,1951
117,2165
117,1560
118,1714
119,1795
118,1145
115,1292
117,1812
117,1141
119,1682
118,2055
116,1948
116,1416
119,1802
115,2020
115,2055
118,1457
118,1150
115,2049
118,1651
115,2145
116,2124
118,1546
115,1552
115,2169
115,2081
117,1692
119,1725
119,1945
117,1300
117,1879
119,1983
118,1374
119,1373
116,1576
115,1813
116,1823
119,1648
119,1991
119,1222
116,1533
119,1831
118,1763
119,1419
118,1356
118,1810
116,2141
116,1995
117,1210
118,1627
118,1334
118,1465
118,1155
117,1957
117,1702
117,1639
118,1658
116,1967
115,1778
115,1210
118,2015
115,1287
119,1442
119,1820
119,2082
118,1429
117,1733
117,1763
115,1935
119,1694
117,1382
119,1928
116,1308
116,1276
118,1725
119,1966
116,1943
119,1886
115,1928
118,1379
116,1230
116,1447
115,1737
116,1553
115,1970
118,1699
116,1435
119,1975
118,1368
115,1852
118,2009
119,1181
118,1779
119,2120
118,1930
115,1467
119,1739
116,1912
119,1237
117,1362
115,1490
118,1653
119,1756
115,1451
115,1841
118,1484
117,1716
116,1818
119,1384
118,1410
115,1842
115,1557
116,1289
117,2018
118,1453
119,1305
116,1316
119,1438
118,2049
115,1132
115,1309
119,2097
118,1796
119,1112
115,1399
116,1336
119,2049
119,2184
117,1418
117,2168
115,2155
116,1109
115,1457
118,1932
119,1600
117,1265
117,1864
116,1333
117,1544
117,1757
118,1324
116,1184
115,1757
118,1377
115,1325
117,1302
117,1952
119,1989
118,1117
115,1580
119,1263
115,1120
115,1835
119,2191
117,2029
117,1765
118,2118
119,1646
115,1726
116,1296
116,1257
116,1547
115,1485
117,1866
116,1530
118,1550
116,1440
116,1923
117,1572
119,2042
115,2031
118,1690
118,1499
115,1959
116,1219
115,1927
117,1874
119,2149
115,1985
117,1322
117,1125
117,1998
115,1822
115,1326
119,2045
117,1636
118,1331
116,1600
119,1857
117,1954
117,1433
119,1673
118,1868
115,1479
118,2160
118,2114
115,1145
119,2054
116,1659
115,1905
115,1652
119,1868
118,1740
119,2189
117,2009
116,1261
119,1543
119,1477
115,1856
118,1533
119,1948
118,1173
119,1186
119,1560
119,1233
118,2036
119,1850
118,1585
117,1576
117,1112
115,2107
119,1564
117,1147
119,1672
117,1474
116,1680
117,1942
117,1432
117,1593
118,2183
115,1704
115,1524
117,1632
118,1925
119,1879
118,1431
118,2167
115,1280
119,1282
116,1854
118,2187
116,2030
115,1159
118,1426
116,1608
117,1663
118,1181
117,1199
116,1227
118,1214
116,1709
116,1526
118,2162
116,1940
118,1996
119,2115
117,1935
119,2105
117,1471
118,1237
115,2190
116,1122
117,1846
117,1882
115,1947
118,1133
116,1647
119,1552
119,1452
119,2072
119,1172
119,1147
115,1392
118,1370
115,2180
116,2019
116,1874
115,1983
116,1968
116,1676
118,1562
116,2025
119,1738
117,1484
116,1523
115,1371
